Date,Open,High,Low,Close,Volume
30-Dec-16,0.28,0.30,0.25,0.28,1017922
29-Dec-16,0.24,0.32,0.23,0.29,3683328
28-Dec-16,0.25,0.25,0.24,0.24,215415
27-Dec-16,0.26,0.27,0.23,0.24,369938
23-Dec-16,0.26,0.27,0.24,0.25,369138
22-Dec-16,0.25,0.31,0.25,0.27,1745040
21-Dec-16,0.23,0.27,0.23,0.24,375092
20-Dec-16,0.25,0.27,0.23,0.25,310359
19-Dec-16,0.27,0.27,0.23,0.26,919918
16-Dec-16,0.31,0.31,0.27,0.28,809203
15-Dec-16,0.33,0.37,0.31,0.31,531741
14-Dec-16,0.34,0.39,0.30,0.32,1085098
13-Dec-16,0.33,0.39,0.29,0.34,2032417
12-Dec-16,0.27,0.56,0.27,0.37,11989176
9-Dec-16,0.40,0.40,0.25,0.26,3588528
8-Dec-16,0.25,0.40,0.22,0.36,4490854
7-Dec-16,0.22,0.28,0.21,0.24,769237
6-Dec-16,0.26,0.26,0.21,0.21,249644
5-Dec-16,0.21,0.30,0.21,0.24,846604
2-Dec-16,0.22,0.23,0.20,0.20,63033
1-Dec-16,0.20,0.22,0.20,0.22,60586
30-Nov-16,0.23,0.23,0.19,0.21,293202
29-Nov-16,0.24,0.25,0.20,0.23,123122
28-Nov-16,0.24,0.25,0.24,0.24,130815
25-Nov-16,0.27,0.27,0.19,0.24,299734
23-Nov-16,0.16,0.29,0.16,0.27,1968380
22-Nov-16,0.17,0.17,0.16,0.16,179259
21-Nov-16,0.17,0.18,0.16,0.16,241548
18-Nov-16,0.18,0.18,0.16,0.17,20834
17-Nov-16,0.19,0.20,0.16,0.17,100044
16-Nov-16,0.19,0.20,0.18,0.18,75063
15-Nov-16,0.18,0.20,0.18,0.18,89624
14-Nov-16,0.20,0.20,0.18,0.18,19031
11-Nov-16,0.21,0.21,0.18,0.19,65927
10-Nov-16,0.21,0.21,0.18,0.20,59623
9-Nov-16,0.21,0.21,0.20,0.21,13009
8-Nov-16,0.22,0.22,0.15,0.20,59354
7-Nov-16,0.22,0.22,0.22,0.22,46250
4-Nov-16,0.22,0.24,0.22,0.22,20591
3-Nov-16,0.22,0.22,0.22,0.22,39396
2-Nov-16,0.22,0.22,0.21,0.22,31004
1-Nov-16,0.21,0.21,0.21,0.21,25143
31-Oct-16,0.22,0.22,0.21,0.22,44998
28-Oct-16,0.22,0.22,0.21,0.21,48815
27-Oct-16,0.19,0.22,0.19,0.21,43434
26-Oct-16,0.23,0.23,0.21,0.22,38639
25-Oct-16,0.21,0.22,0.21,0.22,42288
24-Oct-16,0.20,0.22,0.20,0.22,52444
21-Oct-16,0.21,0.21,0.20,0.20,31992
20-Oct-16,0.20,0.21,0.19,0.20,39717
19-Oct-16,0.21,0.22,0.17,0.20,244600
18-Oct-16,0.22,0.22,0.20,0.21,47982
17-Oct-16,0.22,0.22,0.20,0.20,359399
14-Oct-16,0.23,0.24,0.22,0.22,149959
13-Oct-16,0.28,0.29,0.22,0.24,586688
12-Oct-16,0.25,0.25,0.24,0.25,97320
11-Oct-16,0.25,0.25,0.22,0.24,25717
10-Oct-16,0.25,0.27,0.23,0.25,205301
7-Oct-16,0.25,0.27,0.25,0.26,53958
6-Oct-16,0.26,0.27,0.26,0.26,109922
5-Oct-16,0.25,0.27,0.25,0.27,203366
4-Oct-16,0.28,0.28,0.24,0.24,180557
3-Oct-16,0.27,0.29,0.27,0.28,45924
30-Sep-16,0.29,0.29,0.28,0.28,148694
29-Sep-16,0.30,0.30,0.29,0.29,217612
28-Sep-16,0.31,0.32,0.30,0.30,66498
27-Sep-16,0.31,0.31,0.30,0.30,166892
26-Sep-16,0.32,0.34,0.30,0.31,217116
23-Sep-16,0.30,0.36,0.28,0.33,1288905
22-Sep-16,0.29,0.30,0.28,0.29,103615
21-Sep-16,0.26,0.30,0.26,0.28,180790
20-Sep-16,0.28,0.31,0.28,0.30,135202
19-Sep-16,0.29,0.31,0.28,0.30,132295
16-Sep-16,0.27,0.30,0.27,0.30,199572
15-Sep-16,0.27,0.31,0.27,0.28,195733
14-Sep-16,0.28,0.28,0.26,0.28,139475
13-Sep-16,0.28,0.28,0.25,0.28,256428
12-Sep-16,0.30,0.30,0.26,0.28,121556
9-Sep-16,0.29,0.30,0.27,0.29,187001
8-Sep-16,0.30,0.30,0.29,0.30,32933
7-Sep-16,0.29,0.30,0.28,0.28,217136
6-Sep-16,0.29,0.31,0.29,0.29,124959
2-Sep-16,0.29,0.31,0.29,0.29,178083
1-Sep-16,0.29,0.33,0.29,0.32,107460
31-Aug-16,0.30,0.32,0.28,0.29,248961
30-Aug-16,0.31,0.33,0.30,0.31,243708
29-Aug-16,0.34,0.34,0.30,0.31,228004
26-Aug-16,0.33,0.35,0.32,0.33,101591
25-Aug-16,0.35,0.36,0.34,0.34,87163
24-Aug-16,0.37,0.37,0.35,0.36,25836
23-Aug-16,0.38,0.38,0.35,0.37,127721
22-Aug-16,0.37,0.38,0.36,0.38,53388
19-Aug-16,0.36,0.38,0.36,0.38,44337
18-Aug-16,0.37,0.38,0.35,0.35,97558
17-Aug-16,0.36,0.38,0.36,0.38,20401
16-Aug-16,0.38,0.39,0.33,0.37,290515
15-Aug-16,0.39,0.40,0.30,0.35,284886
12-Aug-16,0.37,0.40,0.36,0.39,176250
11-Aug-16,0.37,0.38,0.36,0.37,70497
10-Aug-16,0.38,0.38,0.36,0.38,174941
9-Aug-16,0.38,0.38,0.36,0.37,118603
8-Aug-16,0.38,0.38,0.35,0.38,136582
5-Aug-16,0.37,0.39,0.35,0.38,74394
4-Aug-16,0.39,0.39,0.35,0.36,98113
3-Aug-16,0.36,0.38,0.34,0.38,183911
2-Aug-16,0.35,0.38,0.34,0.36,158717
1-Aug-16,0.36,0.39,0.35,0.35,133713
29-Jul-16,0.38,0.40,0.36,0.37,111913
28-Jul-16,0.35,0.40,0.35,0.38,280009
27-Jul-16,0.46,0.50,0.34,0.35,1446390
26-Jul-16,0.44,0.47,0.44,0.46,41757
25-Jul-16,0.43,0.46,0.43,0.44,124248
22-Jul-16,0.45,0.46,0.45,0.45,167542
21-Jul-16,0.49,0.49,0.42,0.47,377443
20-Jul-16,0.60,0.62,0.45,0.47,826146
19-Jul-16,0.53,0.55,0.51,0.51,61565
18-Jul-16,0.54,0.54,0.52,0.53,38796
15-Jul-16,0.53,0.55,0.52,0.52,55918
14-Jul-16,0.54,0.55,0.52,0.54,72007
13-Jul-16,0.53,0.55,0.53,0.55,24826
12-Jul-16,0.54,0.55,0.53,0.53,48373
11-Jul-16,0.57,0.57,0.52,0.55,158925
8-Jul-16,0.57,0.58,0.55,0.55,44646
7-Jul-16,0.56,0.58,0.56,0.58,6307
6-Jul-16,0.56,0.58,0.56,0.58,6455
5-Jul-16,0.56,0.58,0.56,0.56,14635
1-Jul-16,0.58,0.58,0.56,0.57,27022
30-Jun-16,0.55,0.58,0.55,0.55,14732
29-Jun-16,0.58,0.58,0.55,0.55,13852
28-Jun-16,0.59,0.59,0.53,0.53,43100
27-Jun-16,0.56,0.60,0.53,0.53,54878
24-Jun-16,0.57,0.59,0.52,0.54,85554
23-Jun-16,0.60,0.60,0.58,0.58,68036
22-Jun-16,0.60,0.62,0.59,0.59,67685
21-Jun-16,0.61,0.62,0.59,0.61,26551
20-Jun-16,0.59,0.62,0.59,0.60,105858
17-Jun-16,0.60,0.63,0.58,0.59,81627
16-Jun-16,0.63,0.64,0.60,0.60,31917
15-Jun-16,0.61,0.64,0.61,0.61,20360
14-Jun-16,0.64,0.65,0.60,0.64,77596
13-Jun-16,0.62,0.66,0.59,0.65,119338
10-Jun-16,0.66,0.66,0.61,0.63,59810
9-Jun-16,0.69,0.74,0.61,0.66,339231
8-Jun-16,0.69,0.69,0.64,0.68,83217
7-Jun-16,0.61,0.68,0.61,0.67,169206
6-Jun-16,0.59,0.64,0.57,0.60,67112
3-Jun-16,0.60,0.62,0.57,0.61,104760
2-Jun-16,0.60,0.64,0.60,0.61,118429
1-Jun-16,0.62,0.65,0.60,0.60,159222
31-May-16,0.61,0.65,0.60,0.64,161091
27-May-16,0.62,0.64,0.58,0.60,87271
26-May-16,0.58,0.63,0.55,0.61,184622
25-May-16,0.56,0.59,0.55,0.58,136255
24-May-16,0.53,0.57,0.53,0.56,183465
23-May-16,0.55,0.60,0.55,0.60,117626
20-May-16,0.55,0.61,0.51,0.52,38827
19-May-16,0.51,0.59,0.51,0.56,50866
18-May-16,0.53,0.62,0.53,0.60,16400
17-May-16,0.63,0.63,0.52,0.59,161706
16-May-16,0.65,0.65,0.56,0.64,272272
13-May-16,0.51,0.53,0.48,0.52,22552
12-May-16,0.52,0.54,0.50,0.50,46533
11-May-16,0.55,0.55,0.50,0.52,93027
10-May-16,0.54,0.57,0.51,0.53,41542
9-May-16,0.50,0.55,0.50,0.53,183621
6-May-16,0.50,0.59,0.50,0.50,20056
5-May-16,0.53,0.54,0.50,0.51,54530
4-May-16,0.56,0.59,0.54,0.54,60779
3-May-16,0.52,0.62,0.52,0.57,197345
2-May-16,0.60,0.62,0.55,0.55,96695
29-Apr-16,0.62,0.62,0.61,0.61,58884
28-Apr-16,0.61,0.62,0.59,0.61,81601
27-Apr-16,0.61,0.67,0.61,0.61,112472
26-Apr-16,0.61,0.68,0.60,0.64,100692
25-Apr-16,0.67,0.67,0.61,0.64,92404
22-Apr-16,0.70,0.72,0.67,0.67,72358
21-Apr-16,0.75,0.75,0.69,0.72,73722
20-Apr-16,0.80,0.80,0.70,0.73,241561
19-Apr-16,0.72,0.85,0.67,0.72,753058
18-Apr-16,0.67,0.67,0.58,0.59,91628
15-Apr-16,0.70,0.70,0.60,0.63,136553
14-Apr-16,0.60,0.65,0.60,0.65,87877
13-Apr-16,0.60,0.63,0.60,0.62,62303
12-Apr-16,0.63,0.65,0.60,0.63,23705
11-Apr-16,0.64,0.65,0.60,0.65,34723
8-Apr-16,0.65,0.65,0.60,0.60,32516
7-Apr-16,0.61,0.64,0.61,0.63,15993
6-Apr-16,0.64,0.64,0.60,0.61,65215
5-Apr-16,0.60,0.65,0.60,0.63,26888
4-Apr-16,0.60,0.65,0.60,0.62,27560
1-Apr-16,0.59,0.63,0.56,0.60,62637
31-Mar-16,0.62,0.69,0.55,0.58,49679
30-Mar-16,0.60,0.61,0.53,0.61,90340
29-Mar-16,0.63,0.63,0.58,0.58,117361
28-Mar-16,0.62,0.63,0.58,0.61,121800
24-Mar-16,0.64,0.64,0.60,0.62,71845
23-Mar-16,0.65,0.66,0.59,0.63,210057
22-Mar-16,0.72,0.72,0.65,0.66,141031
21-Mar-16,0.74,0.78,0.67,0.70,351065
18-Mar-16,1.03,1.15,0.71,0.75,2656851
17-Mar-16,0.70,0.74,0.66,0.69,26889
16-Mar-16,0.74,0.74,0.71,0.71,37396
15-Mar-16,0.65,0.73,0.63,0.73,65257
14-Mar-16,0.69,0.72,0.65,0.72,36016
11-Mar-16,0.70,0.73,0.62,0.66,85160
10-Mar-16,0.73,0.73,0.65,0.65,29633
9-Mar-16,0.69,0.73,0.66,0.66,78291
8-Mar-16,0.73,0.73,0.65,0.66,60423
7-Mar-16,0.65,0.73,0.64,0.71,139608
4-Mar-16,0.67,0.75,0.61,0.63,248146
3-Mar-16,0.64,0.66,0.61,0.61,31087
2-Mar-16,0.60,0.62,0.58,0.61,58766
1-Mar-16,0.58,0.62,0.58,0.60,17969
29-Feb-16,0.62,0.67,0.54,0.56,43575
26-Feb-16,0.54,0.62,0.54,0.61,31197
25-Feb-16,0.60,0.60,0.54,0.54,10867
24-Feb-16,0.55,0.60,0.51,0.57,15852
23-Feb-16,0.64,0.68,0.49,0.55,32961
22-Feb-16,0.63,0.66,0.63,0.64,11503
19-Feb-16,0.64,0.74,0.63,0.66,19230
18-Feb-16,0.64,0.69,0.61,0.66,9191
17-Feb-16,0.59,0.69,0.59,0.62,61011
16-Feb-16,0.61,0.66,0.57,0.64,41369
12-Feb-16,0.61,0.67,0.49,0.60,178528
11-Feb-16,0.63,0.64,0.52,0.59,46305
10-Feb-16,0.68,0.70,0.62,0.63,13027
9-Feb-16,0.62,0.73,0.62,0.66,24303
8-Feb-16,0.64,0.68,0.62,0.62,13287
5-Feb-16,0.70,0.72,0.65,0.68,28578
4-Feb-16,0.72,0.75,0.68,0.70,60711
3-Feb-16,0.66,0.73,0.66,0.72,41204
2-Feb-16,0.65,0.71,0.63,0.67,18692
1-Feb-16,0.64,0.73,0.64,0.65,37414
29-Jan-16,0.75,0.75,0.62,0.64,44523
28-Jan-16,0.72,0.75,0.64,0.64,60200
27-Jan-16,0.68,0.73,0.66,0.69,22043
26-Jan-16,0.67,0.70,0.62,0.68,85925
25-Jan-16,0.70,0.73,0.65,0.68,24785
22-Jan-16,0.74,0.74,0.70,0.72,95251
21-Jan-16,0.72,0.75,0.71,0.74,18909
20-Jan-16,0.75,0.79,0.70,0.74,65973
19-Jan-16,0.84,0.84,0.73,0.75,105151
15-Jan-16,0.91,0.91,0.83,0.84,27077
14-Jan-16,0.82,0.90,0.77,0.89,46653
13-Jan-16,0.90,0.90,0.72,0.83,78012
12-Jan-16,0.90,0.97,0.89,0.89,78319
11-Jan-16,0.91,1.02,0.87,0.87,46140
8-Jan-16,0.97,0.97,0.90,0.94,30977
7-Jan-16,1.00,1.03,0.92,0.92,38466
6-Jan-16,1.10,1.10,1.00,1.00,53989
5-Jan-16,1.08,1.11,1.04,1.08,107087
4-Jan-16,1.03,1.12,1.03,1.06,23051
31-Dec-15,1.08,1.12,1.04,1.07,108950
30-Dec-15,1.17,1.17,1.08,1.09,84034
29-Dec-15,1.16,1.17,1.10,1.16,48923
28-Dec-15,1.15,1.20,1.10,1.10,103615
24-Dec-15,1.20,1.20,1.12,1.16,67526
23-Dec-15,1.18,1.22,1.10,1.19,271548
22-Dec-15,1.05,1.06,0.99,1.05,124805
21-Dec-15,1.03,1.05,1.02,1.03,93775
18-Dec-15,0.92,1.00,0.92,1.00,65340
17-Dec-15,0.96,0.96,0.90,0.91,45662
16-Dec-15,0.96,0.96,0.89,0.93,114663
15-Dec-15,0.96,0.96,0.90,0.94,25256
14-Dec-15,0.99,0.99,0.92,0.92,25822
11-Dec-15,0.99,1.02,0.95,0.99,87399
10-Dec-15,1.02,1.02,0.96,0.97,68948
9-Dec-15,1.02,1.06,0.98,0.98,70772
8-Dec-15,0.98,1.08,0.98,1.02,71091
7-Dec-15,1.08,1.08,1.01,1.01,29475
4-Dec-15,1.02,1.11,1.01,1.08,75363
3-Dec-15,1.08,1.08,1.00,1.05,31103
2-Dec-15,1.11,1.15,1.02,1.06,91511
1-Dec-15,1.12,1.17,1.12,1.14,121376
30-Nov-15,1.19,1.24,1.13,1.18,78924
27-Nov-15,1.25,1.27,1.20,1.23,54537
25-Nov-15,1.25,1.35,1.16,1.27,328429
24-Nov-15,1.10,1.48,1.10,1.36,1360569
23-Nov-15,0.95,1.09,0.91,1.09,340004
20-Nov-15,0.92,0.96,0.88,0.95,41211
19-Nov-15,0.94,0.94,0.85,0.92,57259
18-Nov-15,0.94,0.94,0.87,0.92,62510
17-Nov-15,0.92,0.95,0.92,0.94,8660
16-Nov-15,0.90,0.96,0.86,0.96,28919
13-Nov-15,0.91,0.96,0.90,0.91,6651
12-Nov-15,0.90,0.98,0.90,0.91,66097
11-Nov-15,0.93,1.00,0.91,0.91,30619
10-Nov-15,0.96,0.97,0.91,0.95,18316
9-Nov-15,0.96,0.99,0.91,0.97,99376
6-Nov-15,1.00,1.00,0.91,0.91,38605
5-Nov-15,0.95,1.00,0.93,0.96,118765
4-Nov-15,0.91,1.01,0.90,0.93,26586
3-Nov-15,0.90,0.98,0.90,0.90,51260
2-Nov-15,0.90,0.94,0.76,0.92,158054
30-Oct-15,0.74,0.84,0.74,0.75,22770
29-Oct-15,0.86,0.88,0.81,0.84,23953
28-Oct-15,0.91,0.91,0.86,0.86,6368
27-Oct-15,0.90,0.90,0.84,0.86,105435
26-Oct-15,0.88,0.90,0.86,0.90,33263
23-Oct-15,0.89,0.90,0.86,0.87,19360
22-Oct-15,0.92,0.92,0.87,0.87,48367
21-Oct-15,0.91,0.93,0.88,0.92,34998
20-Oct-15,0.91,0.94,0.90,0.91,75036
19-Oct-15,0.92,0.95,0.90,0.91,21848
16-Oct-15,0.96,0.96,0.91,0.92,124822
15-Oct-15,1.03,1.03,0.90,0.95,110061
14-Oct-15,1.00,1.11,0.97,1.02,48019
13-Oct-15,0.97,1.04,0.97,0.99,89441
12-Oct-15,0.93,0.95,0.88,0.95,50784
9-Oct-15,0.92,0.95,0.88,0.92,105091
8-Oct-15,0.88,0.94,0.88,0.94,35076
7-Oct-15,0.92,0.94,0.87,0.87,102346
6-Oct-15,0.93,0.94,0.92,0.93,18424
5-Oct-15,0.93,1.04,0.88,0.93,67492
2-Oct-15,0.88,0.90,0.84,0.90,97715
1-Oct-15,0.93,1.00,0.83,0.92,117419
30-Sep-15,0.98,0.98,0.85,0.92,138564
29-Sep-15,1.04,1.05,0.84,0.97,192260
28-Sep-15,1.12,1.12,1.01,1.04,205370
25-Sep-15,1.15,1.15,1.07,1.14,140103
24-Sep-15,1.14,1.17,1.14,1.14,58417
23-Sep-15,1.18,1.22,1.14,1.15,124939
22-Sep-15,1.26,1.27,1.17,1.18,84664
21-Sep-15,1.24,1.34,1.23,1.26,128281
18-Sep-15,1.19,1.26,1.19,1.25,54169
17-Sep-15,1.30,1.34,1.18,1.20,151917
16-Sep-15,1.22,1.28,1.22,1.25,64355
15-Sep-15,1.17,1.32,1.16,1.24,285898
14-Sep-15,1.20,1.20,1.16,1.17,29064
11-Sep-15,1.21,1.21,1.17,1.18,86911
10-Sep-15,1.19,1.23,1.19,1.22,27063
9-Sep-15,1.24,1.27,1.18,1.18,78994
8-Sep-15,1.24,1.28,1.24,1.24,101691
4-Sep-15,1.22,1.25,1.18,1.23,93084
3-Sep-15,1.18,1.25,1.18,1.22,28929
2-Sep-15,1.22,1.26,1.19,1.20,70796
1-Sep-15,1.22,1.25,1.18,1.22,139326
31-Aug-15,1.22,1.28,1.17,1.25,148064
28-Aug-15,1.17,1.27,1.14,1.24,332551
27-Aug-15,1.40,1.46,1.18,1.20,899513
26-Aug-15,1.17,1.18,1.10,1.12,90621
25-Aug-15,1.20,1.20,1.15,1.16,75521
24-Aug-15,1.16,1.26,1.04,1.14,101623
21-Aug-15,1.17,1.27,1.10,1.27,127005
20-Aug-15,1.24,1.30,1.15,1.18,175531
19-Aug-15,1.35,1.41,1.15,1.26,258405
18-Aug-15,1.21,1.28,1.18,1.27,74910
17-Aug-15,1.25,1.35,1.12,1.20,515519
14-Aug-15,1.30,1.32,1.22,1.25,133058
13-Aug-15,1.30,1.33,1.20,1.23,155180
12-Aug-15,1.28,1.35,1.26,1.30,219409
11-Aug-15,1.24,1.38,1.23,1.31,159836
10-Aug-15,1.32,1.33,1.23,1.24,84815
7-Aug-15,1.23,1.41,1.23,1.24,185127
6-Aug-15,1.39,1.41,1.25,1.30,192040
5-Aug-15,1.50,1.50,1.36,1.40,489659
4-Aug-15,1.50,1.60,1.45,1.46,125043
3-Aug-15,1.51,1.53,1.46,1.48,67159
31-Jul-15,1.58,1.58,1.51,1.54,53091
30-Jul-15,1.58,1.59,1.54,1.59,79121
29-Jul-15,1.63,1.65,1.56,1.61,64642
28-Jul-15,1.62,1.65,1.60,1.61,61715
27-Jul-15,1.65,1.65,1.57,1.61,77585
24-Jul-15,1.51,1.65,1.48,1.65,198625
23-Jul-15,1.61,1.68,1.50,1.52,217623
22-Jul-15,1.58,1.63,1.55,1.63,60544
21-Jul-15,1.60,1.61,1.56,1.60,80375
20-Jul-15,1.71,1.71,1.58,1.63,324377
17-Jul-15,1.65,1.69,1.56,1.69,176591
16-Jul-15,1.71,1.75,1.60,1.67,600669
15-Jul-15,1.67,1.81,1.66,1.71,693700
14-Jul-15,1.58,2.10,1.58,1.72,7938174
13-Jul-15,1.40,1.57,1.38,1.43,61997
10-Jul-15,1.37,1.43,1.36,1.37,109903
9-Jul-15,1.39,1.42,1.35,1.39,178910
8-Jul-15,1.48,1.50,1.34,1.37,204430
7-Jul-15,1.47,1.50,1.45,1.50,99401
6-Jul-15,1.51,1.51,1.45,1.49,105043
2-Jul-15,1.55,1.55,1.49,1.54,172103
1-Jul-15,1.76,1.76,1.44,1.56,749177
30-Jun-15,1.81,1.83,1.65,1.67,374427
29-Jun-15,1.83,1.86,1.80,1.81,225859
26-Jun-15,1.84,1.93,1.80,1.86,266006
25-Jun-15,1.87,1.90,1.80,1.83,201926
24-Jun-15,1.96,1.96,1.85,1.87,177021
23-Jun-15,2.04,2.04,1.90,1.92,294032
22-Jun-15,2.12,2.36,1.93,2.00,2977972
19-Jun-15,1.91,1.91,1.82,1.83,105111
18-Jun-15,1.82,1.92,1.81,1.89,277494
17-Jun-15,1.93,1.94,1.82,1.84,234349
16-Jun-15,1.95,1.96,1.86,1.90,299183
15-Jun-15,1.81,2.16,1.81,1.97,1091608
12-Jun-15,2.04,2.04,1.88,1.88,523405
11-Jun-15,2.18,2.28,2.01,2.01,807137
10-Jun-15,2.05,2.30,2.05,2.15,1489282
9-Jun-15,1.93,2.12,1.92,2.04,468333
8-Jun-15,1.98,2.01,1.88,1.96,336632
5-Jun-15,2.12,2.12,1.90,1.98,619283
4-Jun-15,2.19,2.36,2.08,2.09,641555
3-Jun-15,2.23,2.30,2.11,2.25,469079
2-Jun-15,2.38,2.45,2.25,2.27,541058
1-Jun-15,2.63,2.74,2.16,2.25,1777365
29-May-15,3.20,3.75,2.58,2.63,27749282
28-May-15,1.60,2.14,1.60,1.89,1238415
27-May-15,1.60,1.63,1.52,1.58,30672
26-May-15,1.56,1.63,1.55,1.58,57003
22-May-15,1.64,1.64,1.50,1.55,37688
21-May-15,1.60,1.65,1.51,1.62,73345
20-May-15,1.63,1.63,1.56,1.57,23792
19-May-15,1.67,1.67,1.58,1.58,34055
18-May-15,1.73,1.75,1.65,1.67,35380
15-May-15,1.66,1.89,1.65,1.71,129000
14-May-15,1.60,1.75,1.50,1.65,89784
13-May-15,1.61,1.72,1.56,1.56,77138
12-May-15,1.60,1.60,1.56,1.57,5856
11-May-15,1.54,1.61,1.50,1.54,59725
8-May-15,1.48,1.50,1.46,1.50,14001
7-May-15,1.48,1.50,1.48,1.48,14502
6-May-15,1.49,1.52,1.47,1.47,7195
5-May-15,1.48,1.55,1.48,1.48,35267
4-May-15,1.45,1.59,1.45,1.50,20772
1-May-15,1.44,1.53,1.42,1.48,62848
30-Apr-15,1.51,1.51,1.47,1.47,42714
29-Apr-15,1.49,1.52,1.45,1.50,39446
28-Apr-15,1.58,1.61,1.45,1.54,125968
27-Apr-15,1.79,1.79,1.60,1.61,78883
24-Apr-15,1.72,1.77,1.68,1.76,38223
23-Apr-15,1.81,1.83,1.64,1.71,101208
22-Apr-15,1.74,1.86,1.71,1.74,91707
21-Apr-15,1.82,1.95,1.66,1.76,255127
20-Apr-15,1.68,1.87,1.65,1.82,604270
17-Apr-15,1.70,1.70,1.55,1.60,134591
16-Apr-15,1.57,1.65,1.43,1.64,166600
15-Apr-15,1.48,1.48,1.37,1.44,45799
14-Apr-15,1.40,1.48,1.37,1.40,11603
13-Apr-15,1.43,1.50,1.35,1.43,68868
10-Apr-15,1.39,1.41,1.37,1.40,43367
9-Apr-15,1.43,1.43,1.39,1.39,38212
8-Apr-15,1.43,1.44,1.39,1.43,12064
7-Apr-15,1.48,1.48,1.40,1.42,40645
6-Apr-15,1.39,1.45,1.37,1.43,9186
2-Apr-15,1.51,1.52,1.37,1.39,90889
1-Apr-15,1.45,1.54,1.42,1.48,100406
31-Mar-15,1.45,1.47,1.42,1.44,41562
30-Mar-15,1.51,1.51,1.30,1.45,56144
27-Mar-15,1.42,1.57,1.40,1.51,89335
26-Mar-15,1.42,1.48,1.23,1.41,190656
25-Mar-15,1.56,1.56,1.42,1.44,91394
24-Mar-15,1.51,1.60,1.45,1.51,127019
23-Mar-15,1.50,1.56,1.43,1.50,84197
20-Mar-15,1.46,1.51,1.42,1.47,68062
19-Mar-15,1.47,1.60,1.42,1.50,103375
18-Mar-15,1.61,1.61,1.41,1.43,204510
17-Mar-15,1.73,1.73,1.56,1.59,137304
16-Mar-15,1.45,1.70,1.45,1.69,187317
13-Mar-15,1.52,1.58,1.44,1.50,85679
12-Mar-15,1.61,1.62,1.46,1.56,63069
11-Mar-15,1.58,1.61,1.48,1.54,349544
10-Mar-15,1.58,1.68,1.50,1.55,148040
9-Mar-15,1.67,1.74,1.55,1.63,87735
6-Mar-15,1.77,1.79,1.67,1.67,97635
5-Mar-15,1.79,1.80,1.71,1.71,132462
4-Mar-15,1.70,1.79,1.70,1.76,126674
3-Mar-15,1.85,1.85,1.67,1.70,184396
2-Mar-15,1.80,1.85,1.75,1.78,149308
27-Feb-15,1.90,1.90,1.61,1.74,1357266
26-Feb-15,2.18,2.21,2.13,2.21,7880
25-Feb-15,2.17,2.24,2.15,2.17,21954
24-Feb-15,2.33,2.33,2.07,2.26,16172
23-Feb-15,2.51,2.53,2.17,2.21,106731
20-Feb-15,2.59,2.70,2.54,2.54,31482
19-Feb-15,2.77,2.82,2.60,2.65,32291
18-Feb-15,2.96,2.96,2.63,2.70,48041
17-Feb-15,2.97,3.18,2.87,2.89,149350
13-Feb-15,2.85,3.00,2.85,2.91,18772
12-Feb-15,3.53,3.53,2.87,2.90,55812
11-Feb-15,2.98,3.39,2.68,3.38,85541
10-Feb-15,3.05,3.12,2.93,2.98,11020
9-Feb-15,2.98,3.19,2.96,2.98,23963
6-Feb-15,2.77,3.23,2.77,3.13,133098
5-Feb-15,3.03,3.05,2.64,2.84,84692
4-Feb-15,3.42,3.42,3.11,3.14,24438
3-Feb-15,3.14,3.32,3.03,3.32,33051
2-Feb-15,3.66,3.75,3.03,3.14,112508
30-Jan-15,3.94,4.00,3.46,3.74,165408
29-Jan-15,3.36,3.99,3.36,3.90,298741
28-Jan-15,3.15,3.58,3.02,3.51,203965
27-Jan-15,2.60,3.17,2.54,3.11,252832
26-Jan-15,2.33,2.70,2.32,2.62,102353
23-Jan-15,2.14,2.33,2.05,2.27,86854
22-Jan-15,2.04,2.13,1.97,2.06,256234
21-Jan-15,1.71,2.26,1.71,2.12,170499
20-Jan-15,1.69,2.10,1.65,1.78,118167
16-Jan-15,1.73,1.73,1.66,1.68,5161
15-Jan-15,1.64,1.76,1.64,1.66,87412
14-Jan-15,1.64,1.66,1.55,1.61,24600
13-Jan-15,1.80,1.81,1.50,1.62,37581
12-Jan-15,1.85,1.88,1.71,1.76,19116
9-Jan-15,2.05,2.15,1.72,1.72,82098
8-Jan-15,2.09,2.16,1.94,2.09,28924
7-Jan-15,1.96,2.12,1.85,2.02,27730
6-Jan-15,2.00,2.05,1.92,1.92,37667
5-Jan-15,2.06,2.10,1.90,2.00,80593
2-Jan-15,2.17,2.17,2.06,2.06,27695
31-Dec-14,2.21,2.21,1.98,2.01,52363
30-Dec-14,2.22,2.33,2.10,2.20,32707
29-Dec-14,2.23,2.36,2.22,2.25,13857
26-Dec-14,2.26,2.35,2.22,2.24,18586
24-Dec-14,2.37,2.38,2.27,2.31,6412
23-Dec-14,2.33,2.40,2.17,2.40,29494
22-Dec-14,2.05,2.40,2.05,2.33,41380
19-Dec-14,1.80,2.87,1.74,2.20,281869
18-Dec-14,1.61,1.85,1.55,1.85,54262
17-Dec-14,1.50,1.70,1.48,1.69,18386
16-Dec-14,1.60,1.60,1.42,1.55,81029
15-Dec-14,1.60,1.65,1.56,1.60,47946
12-Dec-14,1.72,1.72,1.41,1.65,211358
11-Dec-14,1.59,1.65,1.59,1.60,74820
10-Dec-14,1.64,1.64,1.50,1.52,39025
9-Dec-14,1.75,1.75,1.60,1.67,14856
8-Dec-14,1.60,1.78,1.60,1.69,16568
5-Dec-14,1.65,1.77,1.65,1.65,28293
4-Dec-14,1.74,1.77,1.55,1.63,127225
3-Dec-14,2.13,2.13,1.54,1.70,163556
2-Dec-14,2.03,2.22,2.02,2.22,6955
1-Dec-14,2.07,2.12,1.96,2.11,19070
28-Nov-14,2.25,2.25,2.25,2.25,506
26-Nov-14,2.34,2.34,2.20,2.20,25710
25-Nov-14,2.32,2.38,2.22,2.38,11059
24-Nov-14,2.30,2.35,2.15,2.22,31105
21-Nov-14,2.26,2.42,2.21,2.39,33521
20-Nov-14,2.05,2.40,2.05,2.40,73603
19-Nov-14,2.41,2.41,2.20,2.23,23660
18-Nov-14,2.48,2.55,2.40,2.46,19268
17-Nov-14,2.58,2.66,2.45,2.48,17173
14-Nov-14,2.70,2.90,2.56,2.56,10821
13-Nov-14,2.95,2.95,2.58,2.69,26375
12-Nov-14,2.55,2.70,2.55,2.59,11933
11-Nov-14,2.72,2.87,2.58,2.62,39332
10-Nov-14,2.58,2.75,2.51,2.62,46166
7-Nov-14,2.68,2.68,2.39,2.60,34283
6-Nov-14,2.99,2.99,2.61,2.62,29582
5-Nov-14,3.22,3.22,2.90,2.97,8077
4-Nov-14,3.08,3.23,3.08,3.15,5406
3-Nov-14,3.19,3.20,3.10,3.10,9450
31-Oct-14,3.25,3.30,3.09,3.14,20359
30-Oct-14,3.56,3.75,3.13,3.20,46853
29-Oct-14,3.31,3.69,3.09,3.11,121987
28-Oct-14,3.40,3.53,3.26,3.28,11164
27-Oct-14,3.54,3.54,3.38,3.44,6146
24-Oct-14,3.49,3.60,3.10,3.45,36721
23-Oct-14,3.29,3.37,3.20,3.32,9886
22-Oct-14,3.00,3.24,3.00,3.24,4225
21-Oct-14,2.89,3.01,2.89,2.95,11082
20-Oct-14,3.00,3.00,2.76,2.87,9697
17-Oct-14,2.74,3.02,2.74,2.98,5302
16-Oct-14,2.60,2.73,2.60,2.71,15309
15-Oct-14,2.82,3.01,2.62,2.68,17109
14-Oct-14,2.95,3.16,2.95,3.00,7570
13-Oct-14,3.15,3.17,2.90,3.02,26704
10-Oct-14,3.47,3.47,3.10,3.10,37463
9-Oct-14,3.50,3.52,3.32,3.38,19405
8-Oct-14,3.66,3.84,3.50,3.51,79525
7-Oct-14,3.84,3.93,3.44,3.53,157639
6-Oct-14,3.93,4.39,3.62,3.72,194643
3-Oct-14,3.53,4.13,3.51,3.81,243332
2-Oct-14,3.46,3.78,3.40,3.77,58703
1-Oct-14,3.71,3.71,3.40,3.57,71439
30-Sep-14,3.82,3.82,3.75,3.77,747
29-Sep-14,3.80,3.80,3.75,3.76,5033
26-Sep-14,3.88,3.88,3.80,3.83,1438
25-Sep-14,3.84,3.87,3.77,3.87,2642
24-Sep-14,3.87,3.89,3.79,3.79,1939
23-Sep-14,3.76,3.82,3.75,3.79,6303
22-Sep-14,3.90,3.90,3.71,3.76,5687
19-Sep-14,3.90,3.98,3.84,3.98,24475
18-Sep-14,3.94,3.98,3.90,3.91,12265
17-Sep-14,3.88,3.94,3.82,3.87,3026
16-Sep-14,4.02,4.02,3.81,3.92,16412
15-Sep-14,3.80,4.00,3.78,3.99,18079
12-Sep-14,3.86,3.86,3.86,3.86,877
11-Sep-14,3.77,3.88,3.77,3.88,3023
10-Sep-14,3.72,3.84,3.70,3.82,10963
9-Sep-14,3.84,3.84,3.71,3.71,10633
8-Sep-14,3.79,3.83,3.70,3.82,6289
5-Sep-14,3.70,3.83,3.70,3.75,6804
4-Sep-14,3.72,3.84,3.72,3.73,10833
3-Sep-14,3.71,3.80,3.71,3.80,600
2-Sep-14,3.81,3.88,3.65,3.80,18702
29-Aug-14,3.87,3.97,3.66,3.85,66176
28-Aug-14,3.94,4.00,3.80,3.93,7641
27-Aug-14,3.79,4.00,3.79,3.99,10397
26-Aug-14,3.85,3.85,3.51,3.74,33893
25-Aug-14,3.85,3.85,3.82,3.85,9609
22-Aug-14,3.90,3.90,3.81,3.84,7247
21-Aug-14,3.95,3.95,3.84,3.84,7475
20-Aug-14,3.82,3.96,3.75,3.89,42784
19-Aug-14,3.75,3.97,3.75,3.97,14788
18-Aug-14,4.00,4.04,3.93,3.95,50885
15-Aug-14,3.97,4.22,3.63,3.96,72684
14-Aug-14,4.00,4.00,3.87,3.87,12789
13-Aug-14,4.00,4.12,3.90,4.00,35439
12-Aug-14,3.95,4.00,3.85,3.99,9991
11-Aug-14,3.90,4.00,3.90,3.98,23057
8-Aug-14,3.79,3.96,3.47,3.96,57444
7-Aug-14,3.88,4.00,3.62,3.84,17255
6-Aug-14,3.89,3.98,3.86,3.86,7049
5-Aug-14,3.90,4.00,3.85,4.00,4231
4-Aug-14,4.00,4.01,3.75,4.00,19381
1-Aug-14,3.75,4.00,3.75,3.98,11663
31-Jul-14,3.96,3.96,3.92,3.94,830
29-Jul-14,4.00,4.00,3.82,4.00,17450
28-Jul-14,3.78,3.99,3.75,3.96,19193
25-Jul-14,3.72,3.80,3.70,3.80,660
24-Jul-14,3.72,4.00,3.58,3.80,65753
23-Jul-14,3.55,3.68,3.45,3.66,57864
22-Jul-14,3.75,3.85,3.55,3.60,16517
21-Jul-14,3.75,3.83,3.32,3.72,48659
18-Jul-14,3.72,3.82,3.61,3.79,63362
17-Jul-14,3.72,3.86,3.65,3.82,10416
16-Jul-14,3.72,3.90,3.71,3.90,3872
15-Jul-14,3.78,3.82,3.72,3.81,3795
14-Jul-14,3.75,3.88,3.75,3.83,3883
11-Jul-14,3.77,3.90,3.61,3.89,6696
10-Jul-14,3.65,3.73,3.57,3.73,21519
9-Jul-14,3.72,3.75,3.60,3.75,8366
8-Jul-14,3.81,3.81,3.61,3.61,26310
7-Jul-14,3.88,3.90,3.78,3.85,16269
3-Jul-14,3.80,3.88,3.75,3.87,2079
2-Jul-14,3.85,3.88,3.78,3.86,29094
1-Jul-14,3.81,3.86,3.75,3.84,7133
30-Jun-14,3.85,3.89,3.67,3.74,11550
27-Jun-14,3.89,3.90,3.76,3.76,9494
26-Jun-14,3.76,3.90,3.76,3.83,12774
25-Jun-14,3.74,3.88,3.67,3.76,4472
24-Jun-14,3.90,3.90,3.62,3.73,34373
23-Jun-14,3.55,3.90,3.44,3.89,76431
20-Jun-14,3.86,3.88,3.10,3.10,89690
19-Jun-14,3.93,3.95,3.76,3.88,12212
18-Jun-14,3.95,3.95,3.90,3.95,10442
17-Jun-14,3.95,4.17,3.83,4.17,4498
16-Jun-14,3.93,4.00,3.83,3.97,25545
13-Jun-14,3.84,4.00,3.82,3.99,13856
12-Jun-14,3.83,3.83,3.76,3.80,7930
11-Jun-14,3.70,3.92,3.58,3.77,21143
10-Jun-14,3.65,3.68,3.61,3.66,14766
9-Jun-14,3.72,3.77,3.51,3.61,20555
6-Jun-14,3.74,3.76,3.74,3.76,1400
5-Jun-14,3.70,3.77,3.70,3.77,2076
4-Jun-14,3.63,3.70,3.51,3.62,21082
3-Jun-14,3.60,3.74,3.43,3.62,70342
2-Jun-14,3.69,3.70,3.51,3.60,5650
30-May-14,3.95,3.95,3.55,3.69,17581
29-May-14,3.91,4.00,3.88,3.95,50287
28-May-14,3.98,3.98,3.98,3.98,1629
27-May-14,3.77,3.98,3.77,3.94,6906
23-May-14,3.67,3.98,3.60,3.88,124891
22-May-14,3.89,3.89,3.58,3.75,990865
21-May-14,4.04,4.04,3.99,3.99,22976
20-May-14,3.87,4.00,3.87,4.00,8232
19-May-14,4.00,4.00,3.71,3.91,27942
16-May-14,4.08,4.15,3.90,4.10,23886
15-May-14,4.06,4.18,3.97,4.15,38345
14-May-14,4.05,4.25,3.70,4.09,58035
13-May-14,4.19,4.40,4.05,4.14,68088
12-May-14,4.35,4.35,3.97,4.14,90632
9-May-14,4.20,4.25,3.57,4.25,82547
8-May-14,4.15,4.20,4.10,4.20,11452
7-May-14,4.30,4.35,4.15,4.23,4467
6-May-14,4.40,4.40,4.15,4.30,8004
5-May-14,4.35,4.40,4.35,4.40,3877
2-May-14,4.40,4.40,4.39,4.40,4425
1-May-14,4.32,4.40,4.32,4.40,1874
30-Apr-14,4.40,4.40,4.30,4.40,2216
29-Apr-14,4.45,4.45,4.35,4.40,11062
28-Apr-14,4.35,4.50,4.35,4.50,3310
25-Apr-14,4.36,4.50,4.36,4.50,1768
24-Apr-14,4.45,4.45,4.45,4.45,120
22-Apr-14,4.40,4.45,4.40,4.45,920
21-Apr-14,4.37,4.44,4.35,4.44,2841
17-Apr-14,4.45,4.45,4.40,4.45,5800
16-Apr-14,4.30,4.50,4.30,4.50,5928
15-Apr-14,4.55,4.55,4.50,4.50,2260
14-Apr-14,4.67,4.67,4.55,4.59,6808
11-Apr-14,4.73,4.75,4.50,4.67,19356
10-Apr-14,4.80,4.80,4.55,4.73,8358
9-Apr-14,4.65,4.85,4.40,4.85,20613
8-Apr-14,4.60,4.65,4.50,4.65,9665
7-Apr-14,3.82,4.60,3.82,4.50,7889
4-Apr-14,4.60,4.65,4.57,4.57,7656
3-Apr-14,4.60,4.65,4.60,4.65,4332
2-Apr-14,4.65,4.65,4.60,4.65,6516
1-Apr-14,4.49,4.65,4.25,4.65,19615
31-Mar-14,4.43,4.58,4.43,4.58,598
28-Mar-14,4.33,4.58,4.30,4.30,6201
27-Mar-14,4.21,4.39,4.20,4.39,9637
26-Mar-14,4.25,4.30,4.21,4.21,6338
25-Mar-14,4.26,4.40,4.20,4.25,11991
24-Mar-14,4.45,4.45,4.25,4.40,11668
21-Mar-14,4.70,4.70,4.55,4.60,7047
20-Mar-14,4.70,4.70,4.56,4.69,20076
19-Mar-14,4.75,4.75,4.70,4.75,19320
18-Mar-14,5.14,5.14,4.50,4.80,29572
17-Mar-14,5.05,5.25,5.00,5.20,7230
14-Mar-14,5.35,5.35,5.11,5.25,13294
13-Mar-14,5.75,5.75,5.05,5.40,3809
12-Mar-14,5.75,5.75,5.70,5.70,4930
11-Mar-14,5.75,5.75,5.35,5.75,8833
10-Mar-14,5.75,5.75,5.70,5.70,10339
7-Mar-14,5.75,5.75,5.60,5.70,20948
6-Mar-14,4.80,5.90,4.53,5.75,26199
5-Mar-14,4.80,4.80,4.50,4.80,10707
4-Mar-14,4.90,4.90,4.75,4.85,10203
3-Mar-14,5.00,5.00,5.00,5.00,308
28-Feb-14,5.00,5.15,5.00,5.15,1667
27-Feb-14,5.20,5.23,5.20,5.20,1092
26-Feb-14,5.25,5.25,5.15,5.23,6108
25-Feb-14,5.16,5.40,5.10,5.35,1982
24-Feb-14,5.40,5.40,5.28,5.40,6488
21-Feb-14,5.60,5.60,5.40,5.50,7124
20-Feb-14,5.50,5.60,5.29,5.60,5594
19-Feb-14,5.45,5.45,5.19,5.40,19844
18-Feb-14,5.38,5.50,5.38,5.48,2807
14-Feb-14,5.70,5.70,5.50,5.60,7895
13-Feb-14,5.80,5.80,5.60,5.70,1961
12-Feb-14,5.85,5.85,5.59,5.65,8450
11-Feb-14,5.72,6.00,5.72,5.95,6034
10-Feb-14,5.90,5.90,5.90,5.90,315
7-Feb-14,5.50,5.90,5.36,5.90,8147
5-Feb-14,5.95,5.95,5.58,5.60,7807
4-Feb-14,5.95,6.05,5.80,6.00,3636
3-Feb-14,6.20,6.20,6.00,6.00,13607
31-Jan-14,5.30,6.49,5.30,6.00,15439
30-Jan-14,6.00,6.30,5.35,6.10,10559
29-Jan-14,6.08,6.30,6.08,6.10,5775
28-Jan-14,6.00,6.50,6.00,6.10,18589
27-Jan-14,0.52,0.54,0.48,0.50,88695
24-Jan-14,0.50,0.52,0.49,0.49,101552
23-Jan-14,0.54,0.54,0.49,0.51,54750
22-Jan-14,0.51,0.54,0.51,0.54,95578
21-Jan-14,0.52,0.54,0.50,0.52,181250
17-Jan-14,0.52,0.54,0.47,0.51,31404
16-Jan-14,0.51,0.54,0.48,0.51,223097
15-Jan-14,0.50,0.50,0.45,0.49,146265
14-Jan-14,0.43,0.50,0.43,0.48,130307
13-Jan-14,0.46,0.46,0.43,0.46,60000
10-Jan-14,0.43,0.48,0.43,0.46,80000
9-Jan-14,0.43,0.45,0.43,0.45,65125
8-Jan-14,0.43,0.45,0.43,0.45,41700
7-Jan-14,0.46,0.47,0.43,0.45,86253
6-Jan-14,0.41,0.48,0.41,0.46,53750
3-Jan-14,0.47,0.47,0.44,0.47,26700
2-Jan-14,0.44,0.47,0.44,0.47,27149
31-Dec-13,0.37,0.46,0.37,0.46,182100
30-Dec-13,0.40,0.43,0.39,0.43,66025
27-Dec-13,0.44,0.44,0.39,0.40,260374
26-Dec-13,0.42,0.48,0.41,0.45,142125
24-Dec-13,0.43,0.44,0.41,0.43,110930
23-Dec-13,0.46,0.47,0.37,0.42,70570
20-Dec-13,0.44,0.46,0.42,0.45,205408
19-Dec-13,0.44,0.46,0.41,0.46,62065
18-Dec-13,0.40,0.45,0.40,0.45,26450
17-Dec-13,0.43,0.45,0.40,0.42,78710
16-Dec-13,0.45,0.48,0.42,0.45,55250
13-Dec-13,0.42,0.51,0.41,0.47,135617
12-Dec-13,0.42,0.42,0.39,0.42,130550
11-Dec-13,0.45,0.45,0.40,0.42,109919
10-Dec-13,0.43,0.45,0.40,0.44,75356
9-Dec-13,0.45,0.46,0.42,0.44,93950
6-Dec-13,0.45,0.45,0.41,0.43,115300
5-Dec-13,0.44,0.45,0.42,0.43,55700
4-Dec-13,0.44,0.46,0.44,0.46,16850
3-Dec-13,0.45,0.46,0.43,0.46,113126
2-Dec-13,0.41,0.45,0.41,0.45,26890
29-Nov-13,0.39,0.45,0.39,0.45,214929
27-Nov-13,0.42,0.43,0.32,0.43,1511295
26-Nov-13,0.46,0.46,0.45,0.46,21200
25-Nov-13,0.46,0.48,0.46,0.48,1600
22-Nov-13,0.48,0.49,0.44,0.49,17900
21-Nov-13,0.47,0.49,0.44,0.49,44941
20-Nov-13,0.46,0.48,0.46,0.46,83257
19-Nov-13,0.46,0.47,0.46,0.46,67555
18-Nov-13,0.48,0.48,0.48,0.48,13000
15-Nov-13,0.52,0.52,0.47,0.48,156076
14-Nov-13,0.48,0.52,0.46,0.52,76408
13-Nov-13,0.46,0.48,0.46,0.48,43413
12-Nov-13,0.47,0.48,0.46,0.48,42847
11-Nov-13,0.45,0.51,0.45,0.48,24307
8-Nov-13,0.51,0.51,0.42,0.47,353920
7-Nov-13,0.54,0.54,0.52,0.54,30220
6-Nov-13,0.60,0.60,0.53,0.55,213510
5-Nov-13,0.58,0.61,0.58,0.60,155956
4-Nov-13,0.60,0.60,0.59,0.60,121700
1-Nov-13,0.55,0.61,0.55,0.61,222650
31-Oct-13,0.53,0.55,0.53,0.55,71715
30-Oct-13,0.52,0.54,0.51,0.53,32600
29-Oct-13,0.56,0.58,0.51,0.54,65830
28-Oct-13,0.61,0.61,0.52,0.56,245660
25-Oct-13,0.60,0.61,0.60,0.61,156633
24-Oct-13,0.60,0.61,0.58,0.60,219680
23-Oct-13,0.59,0.62,0.58,0.61,649498
22-Oct-13,0.56,0.60,0.56,0.59,1054038
21-Oct-13,0.54,0.56,0.54,0.56,493868
18-Oct-13,0.47,0.55,0.47,0.54,810062
17-Oct-13,0.46,0.50,0.45,0.50,83750
16-Oct-13,0.50,0.50,0.48,0.48,29670
15-Oct-13,0.49,0.50,0.47,0.49,657400
14-Oct-13,0.46,0.48,0.45,0.48,103100
11-Oct-13,0.47,0.49,0.46,0.49,14305
10-Oct-13,0.49,0.49,0.46,0.49,190740
9-Oct-13,0.47,0.49,0.41,0.48,210810
8-Oct-13,0.48,0.50,0.47,0.48,28600
7-Oct-13,0.50,0.50,0.47,0.47,465005
4-Oct-13,0.46,0.50,0.42,0.50,828497
3-Oct-13,0.42,0.48,0.41,0.46,556250
2-Oct-13,0.38,0.42,0.37,0.42,142750
1-Oct-13,0.37,0.39,0.37,0.39,74950
30-Sep-13,0.37,0.40,0.34,0.38,225250
27-Sep-13,0.37,0.38,0.34,0.35,100750
26-Sep-13,0.40,0.42,0.39,0.39,47501
25-Sep-13,0.36,0.41,0.36,0.41,211901
24-Sep-13,0.35,0.36,0.35,0.35,39867
20-Sep-13,0.34,0.35,0.34,0.35,3999
19-Sep-13,0.34,0.36,0.34,0.35,35788
18-Sep-13,0.34,0.36,0.34,0.35,37275
17-Sep-13,0.35,0.36,0.35,0.35,23600
16-Sep-13,0.38,0.38,0.36,0.36,51099
13-Sep-13,0.36,0.38,0.36,0.38,9000
12-Sep-13,0.36,0.37,0.36,0.36,11200
11-Sep-13,0.36,0.37,0.34,0.36,19500
10-Sep-13,0.37,0.37,0.37,0.37,8500
9-Sep-13,0.37,0.37,0.34,0.37,89851
6-Sep-13,0.34,0.37,0.34,0.36,41032
5-Sep-13,0.36,0.37,0.36,0.36,43842
4-Sep-13,0.35,0.37,0.35,0.37,7860
3-Sep-13,0.45,0.45,0.35,0.36,40600
30-Aug-13,0.36,0.36,0.34,0.35,61220
29-Aug-13,0.35,0.36,0.34,0.36,120507
28-Aug-13,0.37,0.38,0.35,0.35,48420
27-Aug-13,0.37,0.38,0.37,0.38,18800
26-Aug-13,0.35,0.38,0.35,0.38,18625
23-Aug-13,0.34,0.38,0.34,0.38,10025
22-Aug-13,0.38,0.38,0.34,0.36,82000
21-Aug-13,0.36,0.38,0.35,0.37,157100
20-Aug-13,0.36,0.39,0.36,0.38,6750
19-Aug-13,0.39,0.39,0.36,0.39,41500
16-Aug-13,0.39,0.39,0.39,0.39,2900
15-Aug-13,0.40,0.40,0.36,0.39,80300
14-Aug-13,0.40,0.40,0.39,0.40,18100
13-Aug-13,0.40,0.42,0.39,0.40,132400
12-Aug-13,0.44,0.44,0.40,0.41,49400
9-Aug-13,0.43,0.45,0.40,0.40,62190
8-Aug-13,0.40,0.44,0.34,0.44,613938
7-Aug-13,0.42,0.43,0.40,0.43,82975
6-Aug-13,0.44,0.45,0.44,0.45,31800
5-Aug-13,0.44,0.44,0.42,0.42,56000
2-Aug-13,0.44,0.44,0.44,0.44,27617
1-Aug-13,0.45,0.45,0.43,0.44,63700
31-Jul-13,0.43,0.45,0.43,0.45,181514
30-Jul-13,0.45,0.45,0.42,0.45,23642
29-Jul-13,0.46,0.46,0.43,0.45,25773
26-Jul-13,0.46,0.46,0.46,0.46,6040
25-Jul-13,0.40,0.46,0.40,0.46,34900
24-Jul-13,0.47,0.47,0.42,0.42,49900
23-Jul-13,0.46,0.48,0.46,0.47,331190
22-Jul-13,0.42,0.46,0.38,0.46,391919
19-Jul-13,0.42,0.42,0.37,0.39,36200
18-Jul-13,0.40,0.42,0.39,0.41,123200
17-Jul-13,0.38,0.42,0.38,0.40,56675
16-Jul-13,0.40,0.42,0.40,0.42,153800
15-Jul-13,0.35,0.42,0.35,0.40,629123
12-Jul-13,0.37,0.38,0.37,0.38,35600
11-Jul-13,0.38,0.39,0.38,0.38,34240
10-Jul-13,0.38,0.39,0.38,0.39,17220
9-Jul-13,0.38,0.41,0.38,0.41,7880
8-Jul-13,0.42,0.42,0.38,0.41,5725
5-Jul-13,0.39,0.42,0.39,0.42,6800
3-Jul-13,0.42,0.42,0.42,0.42,2700
2-Jul-13,0.42,0.42,0.38,0.41,35855
1-Jul-13,0.40,0.41,0.38,0.41,28075
28-Jun-13,0.40,0.42,0.35,0.40,44050
27-Jun-13,0.41,0.42,0.40,0.42,74575
26-Jun-13,0.41,0.41,0.40,0.41,32510
25-Jun-13,0.42,0.42,0.40,0.41,18235
24-Jun-13,0.42,0.44,0.40,0.44,20600
21-Jun-13,0.38,0.44,0.37,0.44,189950
20-Jun-13,0.38,0.38,0.35,0.38,35743
19-Jun-13,0.36,0.38,0.36,0.38,20006
18-Jun-13,0.36,0.36,0.36,0.36,31614
17-Jun-13,0.36,0.36,0.34,0.34,16800
14-Jun-13,0.35,0.35,0.34,0.35,608350
13-Jun-13,0.35,0.36,0.34,0.35,29200
12-Jun-13,0.35,0.35,0.34,0.35,194834
11-Jun-13,0.34,0.34,0.32,0.34,482825
10-Jun-13,0.38,0.38,0.33,0.36,228480
7-Jun-13,0.42,0.42,0.38,0.38,58433
6-Jun-13,0.42,0.42,0.38,0.40,68689
5-Jun-13,0.39,0.39,0.38,0.39,67500
4-Jun-13,0.41,0.43,0.36,0.39,343100
3-Jun-13,0.46,0.47,0.41,0.43,147360
31-May-13,0.43,0.47,0.43,0.47,122868
30-May-13,0.45,0.47,0.42,0.47,58600
29-May-13,0.45,0.46,0.42,0.45,45771
28-May-13,0.46,0.47,0.45,0.47,36185
24-May-13,0.45,0.47,0.45,0.47,23170
23-May-13,0.46,0.47,0.45,0.47,15000
22-May-13,0.49,0.49,0.45,0.46,61080
21-May-13,0.50,0.50,0.48,0.49,131571
20-May-13,0.48,0.48,0.47,0.48,211497
17-May-13,0.48,0.48,0.47,0.48,150602
16-May-13,0.46,0.48,0.46,0.48,160655
15-May-13,0.45,0.46,0.44,0.46,330804
14-May-13,0.47,0.47,0.43,0.46,476320
13-May-13,0.46,0.48,0.46,0.47,1298765
10-May-13,0.41,0.46,0.40,0.46,1057058
9-May-13,0.40,0.41,0.39,0.41,357333
8-May-13,0.39,0.42,0.39,0.40,209452
7-May-13,0.40,0.40,0.37,0.39,373611
6-May-13,0.40,0.44,0.37,0.38,520732
3-May-13,0.33,0.37,0.33,0.37,244251
2-May-13,0.37,0.37,0.34,0.36,128167
1-May-13,0.37,0.37,0.34,0.37,155819
30-Apr-13,0.34,0.37,0.33,0.37,159665
29-Apr-13,0.34,0.36,0.33,0.34,41900
26-Apr-13,0.38,0.38,0.34,0.36,34050
25-Apr-13,0.38,0.38,0.36,0.38,87500
24-Apr-13,0.32,0.39,0.31,0.39,258065
23-Apr-13,0.31,0.32,0.31,0.32,29310
22-Apr-13,0.34,0.34,0.30,0.31,145900
19-Apr-13,0.35,0.35,0.33,0.34,151448
18-Apr-13,0.36,0.37,0.35,0.36,17275
17-Apr-13,0.37,0.37,0.35,0.37,54197
16-Apr-13,0.38,0.38,0.37,0.37,30100
15-Apr-13,0.38,0.38,0.37,0.38,167759
12-Apr-13,0.38,0.38,0.37,0.38,113515
11-Apr-13,0.38,0.40,0.36,0.38,122902
10-Apr-13,0.39,0.40,0.38,0.39,138463
9-Apr-13,0.39,0.40,0.38,0.40,262100
8-Apr-13,0.40,0.40,0.39,0.39,28950
5-Apr-13,0.38,0.40,0.38,0.40,99173
4-Apr-13,0.40,0.40,0.38,0.38,121553
3-Apr-13,0.40,0.40,0.39,0.40,62865
2-Apr-13,0.38,0.38,0.38,0.38,5000
1-Apr-13,0.40,0.40,0.38,0.38,40200
28-Mar-13,0.40,0.40,0.38,0.40,28759
27-Mar-13,0.38,0.40,0.38,0.40,34223
26-Mar-13,0.40,0.40,0.38,0.40,108394
25-Mar-13,0.38,0.40,0.38,0.39,31030
22-Mar-13,0.41,0.41,0.39,0.40,88686
21-Mar-13,0.42,0.44,0.39,0.40,123000
20-Mar-13,0.44,0.44,0.42,0.42,35300
19-Mar-13,0.44,0.44,0.43,0.44,26100
18-Mar-13,0.44,0.46,0.42,0.42,43100
15-Mar-13,0.44,0.45,0.44,0.44,36800
14-Mar-13,0.48,0.48,0.39,0.44,1038361
13-Mar-13,0.47,0.50,0.47,0.48,45285
12-Mar-13,0.47,0.50,0.47,0.47,39099
11-Mar-13,0.46,0.50,0.46,0.50,34835
8-Mar-13,0.50,0.50,0.48,0.50,5330
7-Mar-13,0.50,0.50,0.48,0.48,73090
6-Mar-13,0.44,0.49,0.44,0.49,160013
5-Mar-13,0.46,0.47,0.43,0.43,90500
4-Mar-13,0.47,0.47,0.46,0.46,17525
1-Mar-13,0.45,0.45,0.44,0.44,575
28-Feb-13,0.47,0.47,0.45,0.45,58000
27-Feb-13,0.44,0.48,0.44,0.45,46000
26-Feb-13,0.43,0.44,0.43,0.43,14000
25-Feb-13,0.43,0.43,0.42,0.43,31910
22-Feb-13,0.45,0.45,0.43,0.43,103125
21-Feb-13,0.42,0.46,0.42,0.43,155051
20-Feb-13,0.46,0.46,0.42,0.44,260824
19-Feb-13,0.48,0.48,0.45,0.46,155752
15-Feb-13,0.48,0.48,0.48,0.48,23350
14-Feb-13,0.47,0.50,0.47,0.48,39475
13-Feb-13,0.49,0.50,0.48,0.48,201395
12-Feb-13,0.47,0.49,0.47,0.49,35618
11-Feb-13,0.50,0.50,0.46,0.47,219390
8-Feb-13,0.48,0.50,0.46,0.50,88400
7-Feb-13,0.47,0.50,0.46,0.49,68450
6-Feb-13,0.50,0.50,0.46,0.47,69521
5-Feb-13,0.46,0.50,0.45,0.50,97050
4-Feb-13,0.50,0.50,0.46,0.46,143115
1-Feb-13,0.50,0.50,0.50,0.50,124480
31-Jan-13,0.50,0.52,0.49,0.50,63573
30-Jan-13,0.51,0.55,0.50,0.50,427191
29-Jan-13,0.49,0.51,0.49,0.49,137470
28-Jan-13,0.51,0.51,0.47,0.47,234255
25-Jan-13,0.66,0.66,0.46,0.52,879284
24-Jan-13,0.59,0.73,0.59,0.70,18649
23-Jan-13,0.68,0.68,0.66,0.68,11385
22-Jan-13,0.65,0.72,0.65,0.70,16600
18-Jan-13,0.68,0.72,0.67,0.72,59505
17-Jan-13,0.73,0.73,0.66,0.68,36200
16-Jan-13,0.66,0.70,0.66,0.67,4485
15-Jan-13,0.70,0.70,0.66,0.67,23000
14-Jan-13,0.69,0.71,0.66,0.67,20380
11-Jan-13,0.69,0.70,0.64,0.68,22090
10-Jan-13,0.61,0.66,0.61,0.66,51197
9-Jan-13,0.66,0.66,0.59,0.61,29860
8-Jan-13,0.61,0.64,0.60,0.62,22040
7-Jan-13,0.59,0.66,0.59,0.66,21300
4-Jan-13,0.66,0.66,0.63,0.63,33107
3-Jan-13,0.65,0.65,0.58,0.58,6000
2-Jan-13,0.60,0.70,0.60,0.65,22259
31-Dec-12,0.53,0.61,0.52,0.61,324042
28-Dec-12,0.58,0.58,0.52,0.54,249363
27-Dec-12,0.58,0.59,0.54,0.59,917315
26-Dec-12,0.60,0.60,0.55,0.59,72769
24-Dec-12,0.61,0.61,0.60,0.60,134085
21-Dec-12,0.62,0.65,0.61,0.62,19385
20-Dec-12,0.62,0.67,0.58,0.64,246100
19-Dec-12,0.63,0.65,0.62,0.63,107869
18-Dec-12,0.66,0.66,0.62,0.63,47300
17-Dec-12,0.70,0.74,0.63,0.66,90008
14-Dec-12,0.65,0.70,0.64,0.68,50101
13-Dec-12,0.68,0.70,0.65,0.70,6420
12-Dec-12,0.65,0.70,0.62,0.69,51581
11-Dec-12,0.68,0.70,0.67,0.70,13883
10-Dec-12,0.69,0.70,0.67,0.70,22080
7-Dec-12,0.70,0.70,0.69,0.69,6300
6-Dec-12,0.69,0.73,0.69,0.70,41995
5-Dec-12,0.67,0.70,0.67,0.68,19814
4-Dec-12,0.75,0.75,0.67,0.67,920620
3-Dec-12,0.75,0.75,0.70,0.72,36730
30-Nov-12,0.71,0.80,0.70,0.75,142441
29-Nov-12,0.75,0.75,0.68,0.74,3037569
28-Nov-12,0.73,0.75,0.72,0.73,33108
26-Nov-12,0.84,0.84,0.72,0.78,46135
23-Nov-12,0.80,0.84,0.80,0.84,23000
21-Nov-12,0.82,0.85,0.80,0.82,73384
20-Nov-12,0.82,0.88,0.82,0.82,8450
19-Nov-12,0.80,0.82,0.80,0.82,62404
16-Nov-12,0.84,0.84,0.80,0.84,20690
15-Nov-12,0.83,0.83,0.80,0.83,32923
13-Nov-12,0.83,0.83,0.83,0.83,1000
12-Nov-12,0.83,0.85,0.83,0.85,24515
9-Nov-12,0.82,0.84,0.82,0.83,52067
8-Nov-12,0.82,0.85,0.82,0.85,272123
7-Nov-12,0.83,0.86,0.82,0.86,10112
6-Nov-12,0.75,0.90,0.75,0.86,41083
5-Nov-12,0.83,0.88,0.83,0.88,17539
2-Nov-12,0.90,0.90,0.85,0.85,13400
31-Oct-12,0.90,0.90,0.80,0.90,19700
26-Oct-12,0.90,0.90,0.72,0.90,58288
25-Oct-12,0.88,0.93,0.79,0.93,19944
24-Oct-12,0.84,0.90,0.84,0.90,1200
23-Oct-12,0.86,0.90,0.86,0.90,27120
22-Oct-12,0.86,0.90,0.86,0.89,8296
19-Oct-12,0.93,0.93,0.87,0.91,47745
18-Oct-12,0.92,0.93,0.92,0.93,56100
17-Oct-12,0.92,0.94,0.92,0.94,78218
16-Oct-12,0.95,0.95,0.92,0.92,59800
15-Oct-12,0.91,0.96,0.91,0.95,49300
12-Oct-12,0.95,0.96,0.93,0.94,56600
11-Oct-12,0.90,0.97,0.87,0.97,631000
10-Oct-12,0.93,0.93,0.90,0.92,62393
9-Oct-12,0.92,0.92,0.90,0.91,273845
8-Oct-12,0.91,0.94,0.91,0.93,33202
5-Oct-12,0.92,0.93,0.92,0.92,9230
4-Oct-12,0.89,0.90,0.89,0.90,118500
3-Oct-12,0.88,0.88,0.86,0.88,34420
2-Oct-12,0.90,0.90,0.87,0.88,11750
1-Oct-12,0.94,0.94,0.86,0.90,998619
28-Sep-12,0.94,0.95,0.93,0.95,42455
27-Sep-12,0.91,0.95,0.90,0.95,62750
26-Sep-12,0.88,0.90,0.86,0.90,51195
25-Sep-12,0.90,0.92,0.90,0.92,7775
24-Sep-12,0.90,0.90,0.88,0.90,18350
21-Sep-12,0.88,0.94,0.88,0.91,45200
20-Sep-12,0.88,0.90,0.88,0.90,189675
19-Sep-12,0.90,0.90,0.88,0.90,383800
18-Sep-12,0.86,0.95,0.86,0.95,22974
17-Sep-12,0.93,0.93,0.84,0.90,38430
14-Sep-12,0.97,0.97,0.90,0.94,30490
13-Sep-12,0.98,1.00,0.97,0.97,34200
12-Sep-12,0.99,0.99,0.96,0.99,17180
11-Sep-12,0.95,0.99,0.94,0.99,20051
10-Sep-12,0.99,0.99,0.93,0.96,48850
7-Sep-12,0.95,0.99,0.91,0.99,53185
6-Sep-12,0.95,0.97,0.94,0.97,50920
5-Sep-12,0.90,0.97,0.89,0.97,65835
4-Sep-12,1.00,1.00,0.88,0.93,636045
31-Aug-12,0.90,0.95,0.90,0.95,25900
30-Aug-12,0.90,0.90,0.87,0.88,65539
29-Aug-12,0.89,0.95,0.89,0.91,91500
28-Aug-12,0.95,0.96,0.92,0.93,130935
27-Aug-12,1.02,1.02,0.95,0.97,58670
24-Aug-12,1.00,1.02,0.98,1.02,15400
23-Aug-12,1.00,1.02,0.98,1.02,5600
22-Aug-12,0.98,1.02,0.98,1.02,19600
21-Aug-12,1.00,1.01,0.99,1.01,53300
20-Aug-12,1.02,1.02,0.99,1.02,13083
17-Aug-12,1.00,1.02,0.95,1.02,15150
16-Aug-12,1.03,1.03,0.98,1.01,19281
15-Aug-12,1.00,1.07,0.99,1.02,67194
14-Aug-12,1.02,1.04,1.00,1.03,25565
13-Aug-12,1.03,1.04,1.00,1.00,60025
10-Aug-12,1.04,1.07,1.04,1.04,90671
9-Aug-12,1.03,1.06,1.03,1.06,70405
8-Aug-12,1.07,1.08,1.02,1.06,407335
7-Aug-12,1.06,1.06,1.05,1.06,34672
6-Aug-12,1.07,1.07,1.01,1.06,63870
3-Aug-12,1.05,1.06,1.00,1.04,95550
2-Aug-12,1.03,1.05,0.99,1.05,66272
1-Aug-12,1.03,1.05,0.98,1.05,36419
31-Jul-12,0.95,1.05,0.95,1.03,52950
30-Jul-12,1.02,1.05,0.97,0.97,55836
27-Jul-12,1.10,1.10,0.97,1.00,134702
26-Jul-12,1.01,1.07,1.01,1.07,216116
25-Jul-12,0.99,1.03,0.95,1.00,601385
24-Jul-12,0.87,0.99,0.85,0.98,398363
23-Jul-12,0.78,0.83,0.76,0.83,58180
20-Jul-12,0.76,0.78,0.75,0.78,22109
19-Jul-12,0.78,0.78,0.75,0.75,102689
18-Jul-12,0.79,0.80,0.75,0.75,16130
17-Jul-12,0.78,0.84,0.78,0.82,85576
16-Jul-12,0.78,0.80,0.77,0.78,101108
13-Jul-12,0.75,0.84,0.75,0.80,24039
12-Jul-12,0.75,0.84,0.75,0.84,200
11-Jul-12,0.78,0.84,0.78,0.84,28185
10-Jul-12,0.76,0.85,0.76,0.85,1600
9-Jul-12,0.80,0.81,0.80,0.80,19600
6-Jul-12,0.82,0.87,0.82,0.82,32080
5-Jul-12,0.82,0.87,0.82,0.87,21550
3-Jul-12,0.80,0.83,0.80,0.82,66000
2-Jul-12,0.87,0.87,0.86,0.86,7000
29-Jun-12,0.89,0.90,0.82,0.90,14164
28-Jun-12,0.86,0.89,0.85,0.89,18300
27-Jun-12,0.86,0.88,0.82,0.88,13900
26-Jun-12,0.88,0.88,0.88,0.88,6000
25-Jun-12,0.80,0.88,0.76,0.88,20750
22-Jun-12,0.80,0.85,0.70,0.80,50700
21-Jun-12,0.80,0.84,0.80,0.84,4776
20-Jun-12,0.84,0.85,0.75,0.84,68176
19-Jun-12,0.86,0.90,0.86,0.90,18350
18-Jun-12,0.82,0.86,0.82,0.86,10150
15-Jun-12,0.84,0.86,0.82,0.85,39100
14-Jun-12,0.86,0.86,0.85,0.85,14000
13-Jun-12,0.85,0.87,0.85,0.86,15100
12-Jun-12,0.84,0.87,0.83,0.87,4450
11-Jun-12,0.89,0.89,0.81,0.87,28383
8-Jun-12,0.88,0.88,0.82,0.87,39612
7-Jun-12,0.89,0.89,0.86,0.87,53000
6-Jun-12,0.89,0.89,0.79,0.89,22190
5-Jun-12,0.78,0.89,0.78,0.89,53920
4-Jun-12,0.75,0.78,0.72,0.78,22900
1-Jun-12,0.81,0.81,0.75,0.78,60562
31-May-12,0.78,0.84,0.78,0.84,6000
30-May-12,0.84,0.84,0.84,0.84,14170
29-May-12,0.89,0.90,0.75,0.81,186326
25-May-12,0.89,0.89,0.79,0.89,32540
24-May-12,0.80,0.87,0.80,0.87,20500
23-May-12,0.83,0.87,0.83,0.87,2800
22-May-12,0.79,0.83,0.79,0.83,10000
21-May-12,0.81,0.83,0.78,0.83,59561
18-May-12,0.90,0.90,0.81,0.84,25437
17-May-12,0.86,0.90,0.84,0.90,151934
16-May-12,0.82,0.86,0.82,0.86,9000
15-May-12,0.89,0.89,0.82,0.88,38050
14-May-12,0.81,0.89,0.81,0.89,48267
11-May-12,0.81,0.87,0.79,0.87,184415
10-May-12,0.80,0.83,0.76,0.79,75302
9-May-12,0.87,0.87,0.80,0.83,67150
8-May-12,0.85,0.87,0.83,0.87,7900
7-May-12,0.85,0.91,0.84,0.91,79264
4-May-12,0.90,0.90,0.90,0.90,2900
3-May-12,0.82,0.90,0.82,0.90,15300
2-May-12,0.82,0.82,0.79,0.82,30648
1-May-12,0.84,0.84,0.78,0.82,219637
30-Apr-12,0.88,0.90,0.85,0.85,30125
27-Apr-12,0.91,0.92,0.85,0.90,73446
26-Apr-12,0.94,0.99,0.91,0.92,107950
25-Apr-12,0.96,1.00,0.92,1.00,9300
24-Apr-12,0.92,0.95,0.92,0.95,74225
23-Apr-12,0.93,0.93,0.90,0.92,26450
20-Apr-12,0.93,0.94,0.92,0.93,86209
19-Apr-12,0.96,0.96,0.91,0.93,80343
18-Apr-12,0.94,1.00,0.94,0.95,148398
17-Apr-12,0.97,0.99,0.90,0.95,40954
16-Apr-12,1.00,1.01,0.95,0.98,55403
13-Apr-12,0.96,1.00,0.95,1.00,66541
12-Apr-12,0.88,0.95,0.88,0.93,109233
11-Apr-12,0.94,0.96,0.89,0.90,117119
10-Apr-12,0.98,0.98,0.90,0.91,212425
9-Apr-12,1.00,1.00,0.91,0.92,974131
5-Apr-12,1.09,1.09,0.96,1.00,741103
4-Apr-12,1.08,1.13,1.08,1.13,19989
3-Apr-12,1.11,1.14,1.08,1.09,97440
2-Apr-12,1.19,1.20,1.11,1.13,105655
30-Mar-12,1.19,1.22,1.18,1.20,34200
29-Mar-12,1.23,1.24,1.11,1.15,119279
28-Mar-12,1.23,1.25,1.19,1.23,68236
27-Mar-12,1.22,1.26,1.22,1.25,70140
26-Mar-12,1.25,1.25,1.20,1.25,54949
23-Mar-12,1.26,1.32,1.24,1.31,51950
22-Mar-12,1.22,1.34,1.21,1.34,47065
21-Mar-12,1.22,1.30,1.22,1.25,37070
20-Mar-12,1.27,1.33,1.25,1.25,43527
19-Mar-12,1.30,1.33,1.21,1.29,24555
16-Mar-12,1.30,1.32,1.20,1.32,68260
15-Mar-12,1.30,1.34,1.25,1.33,51853
14-Mar-12,1.29,1.34,1.28,1.34,22200
13-Mar-12,1.31,1.31,1.28,1.28,98750
12-Mar-12,1.35,1.35,1.27,1.31,123710
9-Mar-12,1.35,1.36,1.30,1.31,100245
8-Mar-12,1.31,1.34,1.30,1.34,237499
7-Mar-12,1.35,1.36,1.25,1.34,108911
6-Mar-12,1.34,1.35,1.28,1.35,53100
5-Mar-12,1.31,1.32,1.27,1.32,49685
2-Mar-12,1.31,1.34,1.28,1.30,279367
1-Mar-12,1.22,1.32,1.20,1.30,186053
29-Feb-12,1.22,1.22,1.20,1.20,216800
28-Feb-12,1.22,1.22,1.15,1.20,30690
27-Feb-12,1.19,1.24,1.19,1.20,229500
24-Feb-12,1.18,1.19,1.18,1.19,34490
23-Feb-12,1.17,1.20,1.17,1.20,26940
22-Feb-12,1.15,1.19,1.14,1.19,29080
21-Feb-12,1.17,1.19,1.15,1.17,11500
17-Feb-12,1.21,1.21,1.15,1.20,17100
16-Feb-12,1.20,1.22,1.17,1.21,59669
15-Feb-12,1.15,1.20,1.15,1.20,48400
14-Feb-12,1.15,1.18,1.12,1.16,72100
13-Feb-12,1.18,1.18,1.15,1.16,9616
10-Feb-12,1.20,1.20,1.09,1.19,149829
9-Feb-12,1.25,1.30,1.19,1.19,124218
8-Feb-12,1.33,1.39,1.22,1.29,333289
7-Feb-12,1.26,1.35,1.26,1.33,271894
6-Feb-12,1.15,1.26,1.15,1.26,359068
3-Feb-12,1.17,1.19,1.07,1.17,249541
2-Feb-12,1.14,1.19,1.11,1.19,18200
1-Feb-12,1.21,1.21,1.10,1.19,25925
31-Jan-12,1.19,1.19,1.15,1.19,3500
30-Jan-12,1.17,1.22,1.05,1.22,5600
27-Jan-12,1.15,1.22,1.04,1.22,42902
26-Jan-12,1.15,1.19,1.10,1.18,12800
25-Jan-12,1.13,1.22,1.10,1.21,18400
24-Jan-12,1.19,1.19,1.12,1.15,29775
23-Jan-12,1.11,1.19,1.11,1.19,48102
20-Jan-12,1.15,1.18,1.13,1.18,76888
19-Jan-12,1.17,1.17,1.13,1.17,47440
18-Jan-12,1.15,1.20,1.15,1.17,1650
17-Jan-12,1.18,1.18,1.15,1.18,17600
13-Jan-12,1.18,1.21,1.06,1.21,68000
12-Jan-12,1.17,1.20,1.15,1.20,28300
11-Jan-12,1.24,1.24,1.16,1.21,30787
10-Jan-12,1.22,1.24,1.17,1.20,6300
9-Jan-12,1.20,1.25,1.20,1.22,17750
6-Jan-12,1.27,1.27,1.20,1.24,138050
5-Jan-12,1.25,1.30,1.25,1.30,126100
4-Jan-12,1.29,1.29,1.21,1.29,55434
3-Jan-12,1.33,1.34,1.21,1.29,36470
30-Dec-11,1.31,1.33,1.25,1.29,83131
29-Dec-11,1.25,1.32,1.22,1.32,188870
28-Dec-11,1.30,1.31,1.25,1.30,31977
27-Dec-11,1.25,1.30,1.25,1.30,12125
23-Dec-11,1.23,1.25,1.23,1.25,11170
22-Dec-11,1.18,1.23,1.15,1.23,15765
21-Dec-11,1.15,1.19,1.12,1.18,38272
20-Dec-11,1.19,1.19,1.09,1.15,159605
19-Dec-11,1.22,1.22,1.17,1.19,82300
16-Dec-11,1.25,1.25,1.21,1.25,9860
15-Dec-11,1.23,1.28,1.21,1.25,30973
14-Dec-11,1.25,1.27,1.22,1.25,62700
13-Dec-11,1.29,1.30,1.25,1.29,44550
12-Dec-11,1.30,1.30,1.25,1.29,82350
9-Dec-11,1.26,1.29,1.23,1.27,206175
8-Dec-11,1.20,1.27,1.20,1.22,293340
7-Dec-11,1.34,1.34,1.20,1.25,386205
6-Dec-11,1.28,1.34,1.21,1.34,26720
5-Dec-11,1.36,1.36,1.27,1.34,24540
2-Dec-11,1.32,1.39,1.28,1.35,25087
1-Dec-11,1.25,1.34,1.25,1.30,25009
30-Nov-11,1.21,1.25,1.17,1.25,89600
29-Nov-11,1.17,1.23,1.17,1.21,77425
28-Nov-11,1.25,1.29,1.14,1.17,86516
25-Nov-11,1.27,1.27,1.17,1.25,18950
23-Nov-11,1.37,1.40,1.21,1.30,37750
22-Nov-11,1.38,1.38,1.36,1.37,73150
21-Nov-11,1.34,1.40,1.29,1.35,10477
18-Nov-11,1.41,1.41,1.35,1.37,81200
17-Nov-11,1.40,1.41,1.35,1.40,115946
16-Nov-11,1.40,1.41,1.33,1.40,115580
15-Nov-11,1.41,1.42,1.35,1.42,35111
14-Nov-11,1.42,1.44,1.37,1.41,241700
11-Nov-11,1.35,1.44,1.35,1.44,59168
10-Nov-11,1.30,1.39,1.25,1.38,451121
9-Nov-11,1.22,1.25,1.20,1.25,18600
8-Nov-11,1.24,1.24,1.20,1.22,42245
7-Nov-11,1.25,1.25,1.21,1.24,31100
4-Nov-11,1.26,1.26,1.17,1.25,41400
3-Nov-11,1.21,1.25,1.21,1.25,52125
2-Nov-11,1.24,1.25,1.22,1.25,21656
1-Nov-11,1.25,1.25,1.24,1.24,25009
31-Oct-11,1.27,1.30,1.25,1.27,63400
28-Oct-11,1.29,1.29,1.27,1.28,22950
27-Oct-11,1.25,1.31,1.24,1.31,584420
26-Oct-11,1.21,1.26,1.18,1.25,81110
25-Oct-11,1.15,1.25,1.15,1.24,78650
24-Oct-11,1.14,1.18,1.11,1.18,37516
21-Oct-11,1.11,1.15,1.10,1.15,48600
20-Oct-11,1.05,1.07,1.04,1.07,61450
19-Oct-11,1.10,1.10,1.10,1.10,200
18-Oct-11,1.12,1.12,1.01,1.10,69025
17-Oct-11,1.10,1.12,1.08,1.12,64668
14-Oct-11,1.17,1.17,1.05,1.08,71755
13-Oct-11,1.20,1.20,1.20,1.20,3500
12-Oct-11,1.19,1.20,1.15,1.19,25750
10-Oct-11,1.25,1.25,1.20,1.25,6300
7-Oct-11,1.23,1.25,1.23,1.25,985
6-Oct-11,1.20,1.25,1.20,1.24,299836
5-Oct-11,1.23,1.23,1.15,1.18,48200
4-Oct-11,1.15,1.20,1.10,1.19,33661
3-Oct-11,1.25,1.25,1.19,1.20,80472
30-Sep-11,1.25,1.29,1.24,1.29,70150
29-Sep-11,1.26,1.31,1.24,1.31,136948
28-Sep-11,1.03,1.26,0.99,1.26,181253
27-Sep-11,1.28,1.30,1.00,1.00,213097
26-Sep-11,1.22,1.26,1.17,1.26,27320
23-Sep-11,1.28,1.28,1.18,1.25,45772
22-Sep-11,1.26,1.28,1.23,1.28,36221
21-Sep-11,1.30,1.30,1.28,1.29,7985
20-Sep-11,1.39,1.39,1.30,1.31,19715
19-Sep-11,1.41,1.41,1.20,1.39,104350
16-Sep-11,1.35,1.42,1.25,1.40,113227
15-Sep-11,1.25,1.30,1.25,1.30,190982
14-Sep-11,1.20,1.25,1.16,1.24,44628
13-Sep-11,1.16,1.30,1.16,1.28,51510
12-Sep-11,1.25,1.25,1.25,1.25,1700
9-Sep-11,1.40,1.40,1.21,1.30,26589
8-Sep-11,1.38,1.38,1.15,1.38,51015
7-Sep-11,1.26,1.36,1.23,1.36,19300
6-Sep-11,1.45,1.45,1.24,1.26,48235
2-Sep-11,1.34,1.34,1.30,1.32,26250
1-Sep-11,1.45,1.52,1.34,1.37,71200
31-Aug-11,1.40,1.47,1.34,1.45,62950
30-Aug-11,1.33,1.40,1.30,1.40,39950
29-Aug-11,1.30,1.37,1.27,1.33,11550
26-Aug-11,1.38,1.38,1.25,1.30,34700
25-Aug-11,1.40,1.40,1.40,1.40,980
24-Aug-11,1.35,1.35,1.27,1.34,7355
23-Aug-11,1.26,1.35,1.23,1.35,25400
22-Aug-11,1.31,1.33,1.22,1.33,6910
19-Aug-11,1.34,1.40,1.25,1.40,2100
18-Aug-11,1.20,1.30,1.20,1.30,10805
17-Aug-11,1.30,1.30,1.12,1.26,7625
16-Aug-11,1.25,1.30,1.25,1.30,15635
15-Aug-11,1.15,1.28,1.10,1.28,27190
12-Aug-11,1.14,1.30,1.13,1.20,50532
11-Aug-11,1.15,1.22,1.11,1.11,45550
10-Aug-11,1.18,1.18,1.03,1.15,52510
9-Aug-11,1.20,1.21,1.18,1.21,41950
8-Aug-11,1.30,1.32,1.03,1.10,50059
5-Aug-11,1.40,1.40,1.30,1.38,6236
4-Aug-11,1.46,1.46,1.35,1.40,9050
3-Aug-11,1.40,1.44,1.36,1.39,4575
2-Aug-11,1.36,1.48,1.35,1.35,9300
1-Aug-11,1.45,1.48,1.35,1.47,16860
29-Jul-11,1.32,1.45,1.32,1.45,32000
28-Jul-11,1.36,1.39,1.32,1.39,33414
27-Jul-11,1.40,1.47,1.36,1.36,36049
26-Jul-11,1.42,1.45,1.40,1.45,21700
25-Jul-11,1.51,1.51,1.43,1.50,18000
22-Jul-11,1.48,1.53,1.36,1.53,74005
21-Jul-11,1.48,1.55,1.48,1.51,35723
20-Jul-11,1.58,1.58,1.50,1.55,93046
19-Jul-11,1.56,1.58,1.52,1.58,54225
18-Jul-11,1.66,1.66,1.56,1.62,14731
15-Jul-11,1.60,1.65,1.55,1.65,43569
14-Jul-11,1.60,1.65,1.59,1.65,25900
13-Jul-11,1.65,1.66,1.60,1.66,76605
12-Jul-11,1.72,1.72,1.63,1.69,80202
11-Jul-11,1.74,1.74,1.65,1.72,37930
8-Jul-11,1.73,1.77,1.65,1.76,35400
7-Jul-11,1.72,1.85,1.69,1.76,101396
6-Jul-11,1.79,1.81,1.65,1.75,86915
5-Jul-11,1.77,1.79,1.75,1.77,100121
1-Jul-11,1.75,1.79,1.65,1.75,97614
30-Jun-11,1.70,1.78,1.55,1.75,230697
29-Jun-11,1.61,1.73,1.61,1.70,99521
28-Jun-11,1.62,1.64,1.54,1.64,151300
27-Jun-11,1.52,1.62,1.52,1.62,123864
24-Jun-11,1.57,1.59,1.52,1.55,24942
23-Jun-11,1.59,1.62,1.53,1.62,66718
22-Jun-11,1.50,1.62,1.47,1.59,45470
21-Jun-11,1.50,1.59,1.50,1.53,37715
20-Jun-11,1.42,1.55,1.42,1.55,18563
17-Jun-11,1.42,1.59,1.42,1.58,28560
16-Jun-11,1.60,1.61,1.50,1.55,48418
15-Jun-11,1.49,1.60,1.44,1.60,66620
14-Jun-11,1.33,1.63,1.33,1.62,33933
13-Jun-11,1.61,1.61,1.35,1.55,47695
10-Jun-11,1.56,1.61,1.50,1.60,23391
9-Jun-11,1.60,1.60,1.54,1.57,48126
8-Jun-11,1.64,1.64,1.57,1.60,25737
7-Jun-11,1.58,1.63,1.54,1.63,94252
6-Jun-11,1.63,1.65,1.57,1.58,76733
3-Jun-11,1.61,1.65,1.61,1.63,50025
2-Jun-11,1.48,1.68,1.48,1.65,43555
1-Jun-11,1.51,1.51,1.48,1.50,13905
31-May-11,1.59,1.59,1.40,1.51,171434
27-May-11,1.63,1.71,1.50,1.55,190631
26-May-11,1.70,1.70,1.52,1.66,399207
25-May-11,1.50,1.67,1.46,1.67,309665
24-May-11,1.40,1.50,1.38,1.50,186245
23-May-11,1.44,1.45,1.37,1.44,110008
20-May-11,1.35,1.44,1.32,1.44,66470
19-May-11,1.47,1.47,1.29,1.40,405647
18-May-11,1.24,1.46,1.24,1.45,356963
17-May-11,1.25,1.25,1.05,1.20,213046
16-May-11,0.95,1.18,0.94,1.18,368815
13-May-11,0.92,0.94,0.87,0.94,59195
12-May-11,0.90,0.93,0.90,0.93,8340
11-May-11,0.90,0.90,0.80,0.90,13295
10-May-11,0.90,0.90,0.88,0.90,8840
9-May-11,0.70,0.90,0.70,0.88,9100
6-May-11,0.85,0.89,0.79,0.85,12565
5-May-11,0.85,0.90,0.66,0.85,39750
4-May-11,0.87,0.92,0.78,0.87,92435
3-May-11,0.85,0.90,0.85,0.87,85120
2-May-11,0.88,0.89,0.86,0.89,30970
29-Apr-11,0.90,0.92,0.90,0.90,40170
28-Apr-11,0.90,0.90,0.85,0.90,22730
27-Apr-11,0.88,0.92,0.85,0.90,54699
26-Apr-11,0.87,0.90,0.81,0.90,12650
25-Apr-11,0.85,0.90,0.85,0.90,20500
21-Apr-11,0.90,0.92,0.89,0.89,19800
20-Apr-11,0.92,0.92,0.85,0.90,22340
19-Apr-11,0.82,0.92,0.77,0.92,80600
18-Apr-11,0.86,0.86,0.86,0.86,4500
15-Apr-11,0.84,0.90,0.82,0.90,27000
14-Apr-11,0.90,0.90,0.90,0.90,2000
13-Apr-11,0.82,0.95,0.82,0.94,21500
12-Apr-11,0.91,0.95,0.82,0.82,21500
11-Apr-11,0.80,0.95,0.80,0.91,23515
8-Apr-11,0.96,0.96,0.82,0.89,41311
7-Apr-11,0.90,0.91,0.88,0.91,13740
6-Apr-11,0.95,0.95,0.86,0.91,28455
5-Apr-11,0.96,0.96,0.92,0.93,50568
4-Apr-11,0.95,0.96,0.94,0.95,69371
1-Apr-11,0.89,0.95,0.86,0.95,114970
31-Mar-11,0.83,0.88,0.83,0.88,48400
30-Mar-11,0.83,0.83,0.82,0.82,50300
29-Mar-11,0.86,0.89,0.82,0.82,27075
28-Mar-11,0.76,0.86,0.76,0.86,65200
25-Mar-11,0.75,0.76,0.74,0.75,87600
24-Mar-11,0.76,0.77,0.74,0.74,95662
23-Mar-11,0.75,0.76,0.75,0.76,2700
21-Mar-11,0.72,0.72,0.72,0.72,16220
18-Mar-11,0.75,0.75,0.70,0.72,16070
17-Mar-11,0.71,0.73,0.71,0.73,36044
16-Mar-11,0.70,0.71,0.68,0.71,79696
15-Mar-11,0.71,0.71,0.66,0.69,32031
14-Mar-11,0.72,0.72,0.72,0.72,1000
11-Mar-11,0.75,0.78,0.71,0.78,30568
10-Mar-11,0.78,0.78,0.73,0.77,29470
9-Mar-11,0.74,0.82,0.74,0.75,31750
8-Mar-11,0.82,0.82,0.73,0.74,1210
7-Mar-11,0.80,0.82,0.74,0.82,5400
4-Mar-11,0.80,0.80,0.74,0.80,13710
3-Mar-11,0.80,0.85,0.73,0.82,33450
2-Mar-11,0.78,0.80,0.73,0.80,10500
1-Mar-11,0.73,0.80,0.73,0.80,6430
28-Feb-11,0.75,0.80,0.73,0.80,26200
25-Feb-11,0.76,0.89,0.73,0.75,55133
24-Feb-11,0.77,0.80,0.76,0.77,81805
23-Feb-11,0.80,0.80,0.76,0.80,8450
22-Feb-11,0.81,0.85,0.80,0.85,6600
18-Feb-11,0.85,0.88,0.84,0.84,18670
17-Feb-11,0.89,0.89,0.75,0.87,44750
16-Feb-11,0.78,0.89,0.78,0.86,31293
15-Feb-11,0.79,0.79,0.76,0.76,42500
14-Feb-11,0.77,0.79,0.76,0.79,7600
11-Feb-11,0.79,0.79,0.78,0.79,34185
10-Feb-11,0.79,0.79,0.77,0.79,11800
9-Feb-11,0.85,0.85,0.77,0.77,107770
8-Feb-11,0.86,0.89,0.82,0.85,35525
7-Feb-11,0.90,0.90,0.85,0.89,32500
4-Feb-11,0.83,0.90,0.83,0.90,19450
3-Feb-11,0.84,0.87,0.81,0.82,59031
2-Feb-11,0.84,0.84,0.84,0.84,1600
1-Feb-11,0.78,0.85,0.78,0.84,10793
31-Jan-11,0.90,0.90,0.76,0.85,25499
28-Jan-11,0.81,0.90,0.81,0.90,16813
27-Jan-11,0.84,0.84,0.84,0.84,3000
26-Jan-11,0.78,0.84,0.78,0.84,13415
25-Jan-11,0.80,0.84,0.75,0.84,40750
24-Jan-11,0.87,0.90,0.80,0.85,14600
21-Jan-11,0.91,0.91,0.86,0.87,18651
20-Jan-11,0.88,0.88,0.80,0.88,41245
19-Jan-11,0.90,0.92,0.86,0.88,135011
18-Jan-11,0.90,0.92,0.86,0.90,119457
14-Jan-11,0.88,0.92,0.87,0.90,70800
13-Jan-11,0.85,0.89,0.84,0.86,82963
12-Jan-11,0.84,0.88,0.82,0.85,244471
11-Jan-11,0.72,0.84,0.72,0.84,131130
10-Jan-11,0.73,0.73,0.69,0.72,110487
7-Jan-11,0.72,0.74,0.69,0.74,53301
6-Jan-11,0.68,0.72,0.68,0.72,42698
5-Jan-11,0.72,0.75,0.68,0.74,91695
4-Jan-11,0.63,0.71,0.63,0.71,49405
3-Jan-11,0.66,0.66,0.61,0.61,52500
31-Dec-10,0.70,0.70,0.62,0.66,774407
30-Dec-10,0.59,0.72,0.56,0.71,354525
29-Dec-10,0.53,0.53,0.40,0.50,79050
28-Dec-10,0.56,0.57,0.54,0.54,74980
27-Dec-10,0.59,0.61,0.59,0.59,12381
23-Dec-10,0.59,0.63,0.59,0.63,10403
22-Dec-10,0.63,0.63,0.60,0.60,41700
21-Dec-10,0.65,0.65,0.60,0.61,37730
20-Dec-10,0.63,0.65,0.60,0.60,22350
17-Dec-10,0.66,0.66,0.60,0.64,14895
16-Dec-10,0.62,0.66,0.60,0.66,76610
15-Dec-10,0.62,0.64,0.60,0.64,71720
14-Dec-10,0.62,0.62,0.62,0.62,9500
13-Dec-10,0.65,0.66,0.62,0.62,79631
10-Dec-10,0.60,0.63,0.60,0.61,29350
9-Dec-10,0.61,0.61,0.60,0.60,6050
8-Dec-10,0.66,0.66,0.62,0.62,88769
7-Dec-10,0.65,0.67,0.59,0.66,145500
6-Dec-10,0.60,0.65,0.60,0.63,149968
3-Dec-10,0.68,0.68,0.61,0.61,36900
2-Dec-10,0.61,0.65,0.59,0.65,335411
1-Dec-10,0.58,0.60,0.58,0.59,118709
30-Nov-10,0.58,0.58,0.54,0.54,12000
29-Nov-10,0.59,0.59,0.54,0.55,30675
26-Nov-10,0.57,0.59,0.57,0.59,3100
24-Nov-10,0.58,0.58,0.55,0.56,60560
23-Nov-10,0.52,0.58,0.52,0.56,108000
22-Nov-10,0.55,0.57,0.46,0.52,57115
19-Nov-10,0.44,0.55,0.43,0.55,69117
18-Nov-10,0.51,0.51,0.48,0.50,21584
17-Nov-10,0.45,0.50,0.45,0.48,21500
16-Nov-10,0.50,0.52,0.36,0.47,164850
15-Nov-10,0.51,0.52,0.51,0.52,3200
12-Nov-10,0.51,0.51,0.45,0.45,1030
11-Nov-10,0.51,0.51,0.51,0.51,13580
10-Nov-10,0.50,0.50,0.43,0.48,93312
9-Nov-10,0.48,0.51,0.42,0.47,56600
8-Nov-10,0.45,0.46,0.45,0.45,147503
5-Nov-10,0.42,0.48,0.42,0.47,1300
4-Nov-10,0.40,0.47,0.40,0.47,23500
3-Nov-10,0.42,0.44,0.40,0.44,44100
2-Nov-10,0.40,0.48,0.40,0.42,194900
1-Nov-10,0.35,0.40,0.35,0.40,5900
29-Oct-10,0.40,0.40,0.40,0.40,4700
28-Oct-10,0.37,0.37,0.37,0.37,22533
26-Oct-10,0.35,0.38,0.35,0.35,42230
25-Oct-10,0.40,0.40,0.40,0.40,500
22-Oct-10,0.40,0.43,0.40,0.40,52375
21-Oct-10,0.43,0.43,0.36,0.38,85800
19-Oct-10,0.43,0.43,0.43,0.43,700
18-Oct-10,0.33,0.34,0.32,0.32,63126
15-Oct-10,0.36,0.36,0.35,0.35,14500
14-Oct-10,0.33,0.35,0.33,0.35,8700
13-Oct-10,0.37,0.38,0.37,0.38,2100
12-Oct-10,0.33,0.37,0.33,0.37,180400
11-Oct-10,0.37,0.37,0.36,0.37,25850
8-Oct-10,0.33,0.35,0.33,0.33,32300
7-Oct-10,0.37,0.37,0.32,0.33,57950
6-Oct-10,0.36,0.36,0.35,0.36,61643
5-Oct-10,0.36,0.37,0.36,0.36,93500
4-Oct-10,0.36,0.36,0.36,0.36,1000
30-Sep-10,0.36,0.40,0.36,0.40,21800
29-Sep-10,0.38,0.43,0.38,0.43,31500
28-Sep-10,0.38,0.42,0.38,0.39,33330
27-Sep-10,0.38,0.38,0.38,0.38,8000
24-Sep-10,0.41,0.41,0.40,0.40,17800
23-Sep-10,0.40,0.40,0.40,0.40,4771
22-Sep-10,0.40,0.40,0.40,0.40,1500
20-Sep-10,0.37,0.40,0.37,0.40,33850
17-Sep-10,0.35,0.42,0.35,0.37,213268
16-Sep-10,0.38,0.38,0.35,0.38,26337
15-Sep-10,0.36,0.38,0.36,0.38,64100
14-Sep-10,0.35,0.37,0.32,0.36,116582
13-Sep-10,0.37,0.37,0.30,0.33,72600
10-Sep-10,0.35,0.35,0.35,0.35,20300
9-Sep-10,0.37,0.37,0.33,0.36,18917
8-Sep-10,0.33,0.43,0.33,0.43,50950
7-Sep-10,0.33,0.36,0.33,0.36,31903
3-Sep-10,0.36,0.39,0.34,0.39,35402
2-Sep-10,0.36,0.36,0.36,0.36,5100
1-Sep-10,0.34,0.36,0.34,0.36,23350
31-Aug-10,0.35,0.36,0.34,0.35,16600
30-Aug-10,0.35,0.35,0.35,0.35,23000
27-Aug-10,0.36,0.37,0.35,0.37,72200
26-Aug-10,0.35,0.37,0.35,0.37,9500
25-Aug-10,0.35,0.37,0.33,0.37,36625
24-Aug-10,0.43,0.43,0.35,0.37,185600
23-Aug-10,0.40,0.43,0.40,0.43,77600
19-Aug-10,0.44,0.44,0.44,0.44,8000
18-Aug-10,0.44,0.44,0.40,0.40,107500
17-Aug-10,0.50,0.50,0.41,0.44,16000
12-Aug-10,0.52,0.52,0.40,0.40,20500
11-Aug-10,0.45,0.46,0.45,0.45,18999
9-Aug-10,0.45,0.46,0.45,0.46,10000
6-Aug-10,0.40,0.50,0.40,0.50,15400
5-Aug-10,0.43,0.45,0.43,0.45,189050
4-Aug-10,0.44,0.44,0.43,0.43,16200
3-Aug-10,0.40,0.50,0.40,0.47,58805
2-Aug-10,0.36,0.44,0.36,0.44,96600
30-Jul-10,0.43,0.43,0.43,0.43,2000
29-Jul-10,0.45,0.45,0.45,0.45,3000
28-Jul-10,0.43,0.45,0.38,0.45,78265
27-Jul-10,0.45,0.45,0.45,0.45,8650
26-Jul-10,0.45,0.45,0.44,0.44,4600
23-Jul-10,0.48,0.48,0.48,0.48,9100
22-Jul-10,0.48,0.50,0.48,0.50,11750
21-Jul-10,0.46,0.50,0.45,0.50,35700
20-Jul-10,0.48,0.50,0.45,0.50,45650
19-Jul-10,0.46,0.50,0.46,0.50,36850
16-Jul-10,0.50,0.50,0.50,0.50,10000
15-Jul-10,0.47,0.47,0.47,0.47,2000
14-Jul-10,0.50,0.50,0.50,0.50,13500
13-Jul-10,0.50,0.50,0.50,0.50,15000
12-Jul-10,0.49,0.50,0.49,0.50,9650
9-Jul-10,0.50,0.51,0.50,0.50,104000
8-Jul-10,0.45,0.49,0.45,0.49,55100
7-Jul-10,0.45,0.54,0.45,0.54,7000
6-Jul-10,0.50,0.59,0.50,0.59,3200
2-Jul-10,0.50,0.50,0.50,0.50,1500
1-Jul-10,0.44,0.44,0.44,0.44,1300
30-Jun-10,0.49,0.49,0.49,0.49,22000
29-Jun-10,0.44,0.51,0.44,0.50,68695
28-Jun-10,0.50,0.50,0.45,0.50,16975
25-Jun-10,0.46,0.50,0.43,0.49,108900
24-Jun-10,0.51,0.51,0.46,0.49,22850
23-Jun-10,0.54,0.54,0.52,0.52,32460
22-Jun-10,0.57,0.57,0.54,0.56,75000
21-Jun-10,0.58,0.61,0.57,0.57,4264
18-Jun-10,0.65,0.65,0.58,0.58,10700
17-Jun-10,0.60,0.60,0.60,0.60,13780
16-Jun-10,0.61,0.61,0.60,0.60,8800
15-Jun-10,0.62,0.62,0.60,0.61,12500
14-Jun-10,0.64,0.66,0.63,0.65,45600
11-Jun-10,0.65,0.65,0.63,0.63,11750
10-Jun-10,0.60,0.68,0.60,0.64,278644
9-Jun-10,0.56,0.59,0.56,0.59,5350
8-Jun-10,0.55,0.59,0.55,0.59,14900
7-Jun-10,0.56,0.56,0.55,0.55,9100
4-Jun-10,0.57,0.58,0.57,0.58,30982
3-Jun-10,0.58,0.60,0.57,0.57,14770
2-Jun-10,0.58,0.58,0.58,0.58,2500
1-Jun-10,0.57,0.57,0.57,0.57,1000
28-May-10,0.58,0.58,0.58,0.58,9894
27-May-10,0.60,0.60,0.57,0.57,13500
26-May-10,0.60,0.64,0.58,0.60,97785
25-May-10,0.60,0.60,0.60,0.60,59195
24-May-10,0.57,0.57,0.56,0.56,11125
21-May-10,0.61,0.61,0.56,0.56,63775
20-May-10,0.62,0.65,0.58,0.61,36300
19-May-10,0.58,0.58,0.58,0.58,10000
18-May-10,0.62,0.62,0.58,0.58,7950
17-May-10,0.65,0.65,0.58,0.58,69100
14-May-10,0.60,0.64,0.58,0.62,93425
13-May-10,0.60,0.60,0.58,0.59,201000
12-May-10,0.59,0.65,0.58,0.65,101700
11-May-10,0.61,0.61,0.58,0.58,74150
10-May-10,0.61,0.61,0.57,0.57,9000
7-May-10,0.60,0.62,0.57,0.58,64800
6-May-10,0.63,0.65,0.61,0.61,242978
5-May-10,0.61,0.64,0.60,0.63,98270
4-May-10,0.61,0.65,0.60,0.61,153143
3-May-10,0.55,0.60,0.55,0.60,107400
30-Apr-10,0.60,0.60,0.54,0.54,189800
29-Apr-10,0.60,0.62,0.59,0.60,144178
28-Apr-10,0.62,0.62,0.59,0.59,112900
27-Apr-10,0.65,0.65,0.63,0.65,80250
26-Apr-10,0.67,0.67,0.65,0.65,153500
23-Apr-10,0.65,0.66,0.65,0.66,66900
22-Apr-10,0.62,0.63,0.62,0.63,9440
21-Apr-10,0.67,0.67,0.60,0.65,40772
20-Apr-10,0.60,0.68,0.58,0.67,213244
19-Apr-10,0.62,0.62,0.58,0.58,81639
16-Apr-10,0.60,0.62,0.59,0.59,166146
15-Apr-10,0.62,0.65,0.56,0.62,393162
14-Apr-10,0.70,0.70,0.61,0.62,212271
13-Apr-10,0.70,0.70,0.50,0.70,7339121
12-Apr-10,0.75,0.75,0.65,0.70,36800
9-Apr-10,0.78,0.78,0.67,0.70,135620
8-Apr-10,0.75,0.75,0.65,0.71,265763
7-Apr-10,0.78,0.90,0.70,0.75,103060
6-Apr-10,0.80,0.85,0.80,0.85,58700
5-Apr-10,0.80,0.85,0.80,0.84,29472
31-Mar-10,0.86,0.86,0.80,0.86,40500
30-Mar-10,0.81,0.88,0.81,0.86,31500
29-Mar-10,0.78,0.88,0.78,0.84,7272
26-Mar-10,0.80,0.88,0.79,0.88,23833
24-Mar-10,0.81,0.86,0.81,0.86,22725
23-Mar-10,0.88,0.88,0.85,0.88,22365
22-Mar-10,0.88,0.88,0.82,0.88,8250
19-Mar-10,0.81,0.88,0.78,0.88,24373
18-Mar-10,0.89,0.89,0.80,0.88,31300
17-Mar-10,0.84,0.87,0.75,0.85,217200
16-Mar-10,0.85,0.87,0.83,0.87,83354
15-Mar-10,0.84,0.84,0.80,0.83,33500
12-Mar-10,0.82,0.85,0.82,0.85,6650
11-Mar-10,0.85,0.85,0.84,0.84,33335
10-Mar-10,0.80,0.85,0.80,0.85,19200
9-Mar-10,0.85,0.85,0.80,0.85,17925
8-Mar-10,0.80,0.87,0.80,0.85,41835
5-Mar-10,0.85,0.87,0.83,0.83,67226
4-Mar-10,0.83,0.85,0.81,0.85,109531
3-Mar-10,0.79,0.85,0.78,0.81,811356
2-Mar-10,0.76,0.81,0.75,0.78,326880
1-Mar-10,0.74,0.76,0.70,0.75,129126
26-Feb-10,0.74,0.74,0.73,0.73,77456
25-Feb-10,0.72,0.74,0.70,0.74,91744
24-Feb-10,0.70,0.72,0.67,0.72,345950
23-Feb-10,0.68,0.70,0.68,0.70,14000
22-Feb-10,0.68,0.68,0.68,0.68,10000
19-Feb-10,0.69,0.70,0.66,0.66,36774
18-Feb-10,0.67,0.70,0.67,0.70,19505
17-Feb-10,0.65,0.70,0.65,0.66,674218
16-Feb-10,0.69,0.69,0.66,0.66,312500
12-Feb-10,0.64,0.68,0.64,0.68,5834
11-Feb-10,0.70,0.70,0.63,0.68,2670
10-Feb-10,0.61,0.70,0.56,0.70,56540
9-Feb-10,0.55,0.70,0.55,0.70,37802
8-Feb-10,0.60,0.75,0.60,0.70,52809
4-Feb-10,0.57,0.68,0.57,0.68,47179
3-Feb-10,0.62,0.62,0.56,0.61,89900
2-Feb-10,0.65,0.65,0.65,0.65,1530
1-Feb-10,0.65,0.65,0.63,0.63,15610
29-Jan-10,0.67,0.67,0.67,0.67,3000
28-Jan-10,0.65,0.70,0.61,0.70,38107
27-Jan-10,0.65,0.65,0.65,0.65,6117
26-Jan-10,0.73,0.73,0.68,0.68,5200
25-Jan-10,0.73,0.73,0.70,0.70,21190
22-Jan-10,0.73,0.73,0.69,0.73,22700
21-Jan-10,0.69,0.70,0.69,0.69,20000
20-Jan-10,0.69,0.72,0.69,0.69,8665
19-Jan-10,0.70,0.72,0.68,0.72,37412
15-Jan-10,0.71,0.72,0.70,0.70,15033
14-Jan-10,0.71,0.71,0.69,0.71,90574
13-Jan-10,0.70,0.71,0.69,0.70,34162
12-Jan-10,0.70,0.70,0.69,0.69,18490
11-Jan-10,0.67,0.70,0.67,0.70,9636
8-Jan-10,0.68,0.70,0.67,0.70,45288
7-Jan-10,0.70,0.71,0.65,0.68,27000
6-Jan-10,0.68,0.72,0.68,0.70,67485
5-Jan-10,0.70,0.72,0.67,0.68,145718
4-Jan-10,0.69,0.71,0.68,0.68,68500
